
SET IDENTITY_INSERT "VUEDM"."GEN_TABLE" ON;
INSERT INTO "VUEDM"."GEN_TABLE"("TABLE_ID","TABLE_NAME","TABLE_COMMENT","SUB_TABLE_NAME","SUB_TABLE_FK_NAME","CLASS_NAME","TPL_CATEGORY","PACKAGE_NAME","MODULE_NAME","BUSINESS_NAME","FUNCTION_NAME","FUNCTION_AUTHOR","GEN_TYPE","GEN_PATH","OPTIONS","CREATE_BY","CREATE_TIME","UPDATE_BY","UPDATE_TIME","REMARK") VALUES(14,'data_test','测试表',null,null,'DataTest','crud','com.ruoyi.system','system','test','测试','ruoyi','0','/',null,'admin','2023-08-23 11:51:07.000000','',null,null);

SET IDENTITY_INSERT "VUEDM"."GEN_TABLE" OFF;
SET IDENTITY_INSERT "VUEDM"."GEN_TABLE_COLUMN" ON;
INSERT INTO "VUEDM"."GEN_TABLE_COLUMN"("COLUMN_ID","TABLE_ID","COLUMN_NAME","COLUMN_COMMENT","COLUMN_TYPE","JAVA_TYPE","JAVA_FIELD","IS_PK","IS_INCREMENT","IS_REQUIRED","IS_INSERT","IS_EDIT","IS_LIST","IS_QUERY","QUERY_TYPE","HTML_TYPE","DICT_TYPE","SORT","CREATE_BY","CREATE_TIME","UPDATE_BY","UPDATE_TIME") VALUES(35,'14','id','主键','VARCHAR','String','id','1','0','1','1',null,null,null,'EQ',null,'',1,'admin','2023-08-23 11:51:07.000000','',null);
INSERT INTO "VUEDM"."GEN_TABLE_COLUMN"("COLUMN_ID","TABLE_ID","COLUMN_NAME","COLUMN_COMMENT","COLUMN_TYPE","JAVA_TYPE","JAVA_FIELD","IS_PK","IS_INCREMENT","IS_REQUIRED","IS_INSERT","IS_EDIT","IS_LIST","IS_QUERY","QUERY_TYPE","HTML_TYPE","DICT_TYPE","SORT","CREATE_BY","CREATE_TIME","UPDATE_BY","UPDATE_TIME") VALUES(36,'14','ceshi','s','VARCHAR','String','ceshi','0','0',null,'1','1','1','1','EQ',null,'',2,'admin','2023-08-23 11:51:07.000000','',null);
INSERT INTO "VUEDM"."GEN_TABLE_COLUMN"("COLUMN_ID","TABLE_ID","COLUMN_NAME","COLUMN_COMMENT","COLUMN_TYPE","JAVA_TYPE","JAVA_FIELD","IS_PK","IS_INCREMENT","IS_REQUIRED","IS_INSERT","IS_EDIT","IS_LIST","IS_QUERY","QUERY_TYPE","HTML_TYPE","DICT_TYPE","SORT","CREATE_BY","CREATE_TIME","UPDATE_BY","UPDATE_TIME") VALUES(37,'14','sex','s','CHAR','String','sex','0','0',null,'1','1','1','1','EQ','select','',3,'admin','2023-08-23 11:51:07.000000','',null);
INSERT INTO "VUEDM"."GEN_TABLE_COLUMN"("COLUMN_ID","TABLE_ID","COLUMN_NAME","COLUMN_COMMENT","COLUMN_TYPE","JAVA_TYPE","JAVA_FIELD","IS_PK","IS_INCREMENT","IS_REQUIRED","IS_INSERT","IS_EDIT","IS_LIST","IS_QUERY","QUERY_TYPE","HTML_TYPE","DICT_TYPE","SORT","CREATE_BY","CREATE_TIME","UPDATE_BY","UPDATE_TIME") VALUES(38,'14','money','s','INT','String','money','0','0',null,'1','1','1','1','EQ',null,'',4,'admin','2023-08-23 11:51:07.000000','',null);

SET IDENTITY_INSERT "VUEDM"."GEN_TABLE_COLUMN" OFF;
SET IDENTITY_INSERT "VUEDM"."SYS_CONFIG" ON;
INSERT INTO "VUEDM"."SYS_CONFIG"("CONFIG_ID","CONFIG_NAME","CONFIG_KEY","CONFIG_VALUE","CONFIG_TYPE","CREATE_BY","CREATE_TIME","UPDATE_BY","UPDATE_TIME","REMARK") VALUES(1,'主框架页-默认皮肤样式名称','sys.index.skinName','skin-blue','Y','admin','2023-06-29 10:05:31.000000','',null,'蓝色 skin-blue、绿色 skin-green、紫色 skin-purple、红色 skin-red、黄色 skin-yellow');
INSERT INTO "VUEDM"."SYS_CONFIG"("CONFIG_ID","CONFIG_NAME","CONFIG_KEY","CONFIG_VALUE","CONFIG_TYPE","CREATE_BY","CREATE_TIME","UPDATE_BY","UPDATE_TIME","REMARK") VALUES(2,'用户管理-账号初始密码','sys.user.initPassword','123456','Y','admin','2023-06-29 10:05:31.000000','',null,'初始化密码 123456');
INSERT INTO "VUEDM"."SYS_CONFIG"("CONFIG_ID","CONFIG_NAME","CONFIG_KEY","CONFIG_VALUE","CONFIG_TYPE","CREATE_BY","CREATE_TIME","UPDATE_BY","UPDATE_TIME","REMARK") VALUES(3,'主框架页-侧边栏主题','sys.index.sideTheme','theme-dark','Y','admin','2023-06-29 10:05:31.000000','',null,'深色主题theme-dark，浅色主题theme-light');
INSERT INTO "VUEDM"."SYS_CONFIG"("CONFIG_ID","CONFIG_NAME","CONFIG_KEY","CONFIG_VALUE","CONFIG_TYPE","CREATE_BY","CREATE_TIME","UPDATE_BY","UPDATE_TIME","REMARK") VALUES(4,'账号自助-验证码开关','sys.account.captchaEnabled','true','Y','admin','2023-06-29 10:05:31.000000','',null,'是否开启验证码功能（true开启，false关闭）');
INSERT INTO "VUEDM"."SYS_CONFIG"("CONFIG_ID","CONFIG_NAME","CONFIG_KEY","CONFIG_VALUE","CONFIG_TYPE","CREATE_BY","CREATE_TIME","UPDATE_BY","UPDATE_TIME","REMARK") VALUES(5,'账号自助-是否开启用户注册功能','sys.account.registerUser','false','Y','admin','2023-06-29 10:05:31.000000','',null,'是否开启注册用户功能（true开启，false关闭）');
INSERT INTO "VUEDM"."SYS_CONFIG"("CONFIG_ID","CONFIG_NAME","CONFIG_KEY","CONFIG_VALUE","CONFIG_TYPE","CREATE_BY","CREATE_TIME","UPDATE_BY","UPDATE_TIME","REMARK") VALUES(6,'用户登录-黑名单列表','sys.login.blackIPList','','Y','admin','2023-06-29 10:05:31.000000','',null,'设置登录IP黑名单限制，多个匹配项以;分隔，支持匹配（*通配、网段）');

SET IDENTITY_INSERT "VUEDM"."SYS_CONFIG" OFF;
SET IDENTITY_INSERT "VUEDM"."SYS_DEPT" ON;
INSERT INTO "VUEDM"."SYS_DEPT"("DEPT_ID","PARENT_ID","ANCESTORS","DEPT_NAME","ORDER_NUM","LEADER","PHONE","EMAIL","STATUS","DEL_FLAG","CREATE_BY","CREATE_TIME","UPDATE_BY","UPDATE_TIME") VALUES(100,0,'0','若依科技',0,'若依','15888888888','ry@qq.com','0','0','admin','2023-06-29 10:05:27.000000','',null);
INSERT INTO "VUEDM"."SYS_DEPT"("DEPT_ID","PARENT_ID","ANCESTORS","DEPT_NAME","ORDER_NUM","LEADER","PHONE","EMAIL","STATUS","DEL_FLAG","CREATE_BY","CREATE_TIME","UPDATE_BY","UPDATE_TIME") VALUES(101,100,'0,100','深圳总公司',1,'若依','15888888888','ry@qq.com','0','0','admin','2023-06-29 10:05:27.000000','',null);
INSERT INTO "VUEDM"."SYS_DEPT"("DEPT_ID","PARENT_ID","ANCESTORS","DEPT_NAME","ORDER_NUM","LEADER","PHONE","EMAIL","STATUS","DEL_FLAG","CREATE_BY","CREATE_TIME","UPDATE_BY","UPDATE_TIME") VALUES(102,100,'0,100','长沙分公司',2,'若依','15888888888','ry@qq.com','0','0','admin','2023-06-29 10:05:27.000000','',null);
INSERT INTO "VUEDM"."SYS_DEPT"("DEPT_ID","PARENT_ID","ANCESTORS","DEPT_NAME","ORDER_NUM","LEADER","PHONE","EMAIL","STATUS","DEL_FLAG","CREATE_BY","CREATE_TIME","UPDATE_BY","UPDATE_TIME") VALUES(103,101,'0,100,101','研发部门',1,'若依','15888888888','ry@qq.com','0','0','admin','2023-06-29 10:05:27.000000','',null);
INSERT INTO "VUEDM"."SYS_DEPT"("DEPT_ID","PARENT_ID","ANCESTORS","DEPT_NAME","ORDER_NUM","LEADER","PHONE","EMAIL","STATUS","DEL_FLAG","CREATE_BY","CREATE_TIME","UPDATE_BY","UPDATE_TIME") VALUES(104,101,'0,100,101','市场部门',2,'若依','15888888888','ry@qq.com','0','0','admin','2023-06-29 10:05:27.000000','',null);
INSERT INTO "VUEDM"."SYS_DEPT"("DEPT_ID","PARENT_ID","ANCESTORS","DEPT_NAME","ORDER_NUM","LEADER","PHONE","EMAIL","STATUS","DEL_FLAG","CREATE_BY","CREATE_TIME","UPDATE_BY","UPDATE_TIME") VALUES(105,101,'0,100,101','测试部门',3,'若依','15888888888','ry@qq.com','0','0','admin','2023-06-29 10:05:27.000000','',null);
INSERT INTO "VUEDM"."SYS_DEPT"("DEPT_ID","PARENT_ID","ANCESTORS","DEPT_NAME","ORDER_NUM","LEADER","PHONE","EMAIL","STATUS","DEL_FLAG","CREATE_BY","CREATE_TIME","UPDATE_BY","UPDATE_TIME") VALUES(106,101,'0,100,101','财务部门',4,'若依','15888888888','ry@qq.com','0','0','admin','2023-06-29 10:05:27.000000','',null);
INSERT INTO "VUEDM"."SYS_DEPT"("DEPT_ID","PARENT_ID","ANCESTORS","DEPT_NAME","ORDER_NUM","LEADER","PHONE","EMAIL","STATUS","DEL_FLAG","CREATE_BY","CREATE_TIME","UPDATE_BY","UPDATE_TIME") VALUES(107,101,'0,100,101','运维部门',5,'若依','15888888888','ry@qq.com','0','0','admin','2023-06-29 10:05:27.000000','',null);
INSERT INTO "VUEDM"."SYS_DEPT"("DEPT_ID","PARENT_ID","ANCESTORS","DEPT_NAME","ORDER_NUM","LEADER","PHONE","EMAIL","STATUS","DEL_FLAG","CREATE_BY","CREATE_TIME","UPDATE_BY","UPDATE_TIME") VALUES(108,102,'0,100,102','市场部门',1,'若依','15888888888','ry@qq.com','0','0','admin','2023-06-29 10:05:27.000000','',null);
INSERT INTO "VUEDM"."SYS_DEPT"("DEPT_ID","PARENT_ID","ANCESTORS","DEPT_NAME","ORDER_NUM","LEADER","PHONE","EMAIL","STATUS","DEL_FLAG","CREATE_BY","CREATE_TIME","UPDATE_BY","UPDATE_TIME") VALUES(109,102,'0,100,102','财务部门',2,'若依','15888888888','ry@qq.com','0','0','admin','2023-06-29 10:05:27.000000','',null);

SET IDENTITY_INSERT "VUEDM"."SYS_DEPT" OFF;
SET IDENTITY_INSERT "VUEDM"."SYS_DICT_DATA" ON;
INSERT INTO "VUEDM"."SYS_DICT_DATA"("DICT_CODE","DICT_SORT","DICT_LABEL","DICT_VALUE","DICT_TYPE","CSS_CLASS","LIST_CLASS","IS_DEFAULT","STATUS","CREATE_BY","CREATE_TIME","UPDATE_BY","UPDATE_TIME","REMARK") VALUES(1,1,'男','0','sys_user_sex','','','Y','0','admin','2023-06-29 10:05:31.000000','',null,'性别男');
INSERT INTO "VUEDM"."SYS_DICT_DATA"("DICT_CODE","DICT_SORT","DICT_LABEL","DICT_VALUE","DICT_TYPE","CSS_CLASS","LIST_CLASS","IS_DEFAULT","STATUS","CREATE_BY","CREATE_TIME","UPDATE_BY","UPDATE_TIME","REMARK") VALUES(2,2,'女','1','sys_user_sex','','','N','0','admin','2023-06-29 10:05:31.000000','',null,'性别女');
INSERT INTO "VUEDM"."SYS_DICT_DATA"("DICT_CODE","DICT_SORT","DICT_LABEL","DICT_VALUE","DICT_TYPE","CSS_CLASS","LIST_CLASS","IS_DEFAULT","STATUS","CREATE_BY","CREATE_TIME","UPDATE_BY","UPDATE_TIME","REMARK") VALUES(3,3,'未知','2','sys_user_sex','','','N','0','admin','2023-06-29 10:05:31.000000','',null,'性别未知');
INSERT INTO "VUEDM"."SYS_DICT_DATA"("DICT_CODE","DICT_SORT","DICT_LABEL","DICT_VALUE","DICT_TYPE","CSS_CLASS","LIST_CLASS","IS_DEFAULT","STATUS","CREATE_BY","CREATE_TIME","UPDATE_BY","UPDATE_TIME","REMARK") VALUES(4,1,'显示','0','sys_show_hide','','primary','Y','0','admin','2023-06-29 10:05:31.000000','',null,'显示菜单');
INSERT INTO "VUEDM"."SYS_DICT_DATA"("DICT_CODE","DICT_SORT","DICT_LABEL","DICT_VALUE","DICT_TYPE","CSS_CLASS","LIST_CLASS","IS_DEFAULT","STATUS","CREATE_BY","CREATE_TIME","UPDATE_BY","UPDATE_TIME","REMARK") VALUES(5,2,'隐藏','1','sys_show_hide','','danger','N','0','admin','2023-06-29 10:05:31.000000','',null,'隐藏菜单');
INSERT INTO "VUEDM"."SYS_DICT_DATA"("DICT_CODE","DICT_SORT","DICT_LABEL","DICT_VALUE","DICT_TYPE","CSS_CLASS","LIST_CLASS","IS_DEFAULT","STATUS","CREATE_BY","CREATE_TIME","UPDATE_BY","UPDATE_TIME","REMARK") VALUES(6,1,'正常','0','sys_normal_disable','','primary','Y','0','admin','2023-06-29 10:05:31.000000','',null,'正常状态');
INSERT INTO "VUEDM"."SYS_DICT_DATA"("DICT_CODE","DICT_SORT","DICT_LABEL","DICT_VALUE","DICT_TYPE","CSS_CLASS","LIST_CLASS","IS_DEFAULT","STATUS","CREATE_BY","CREATE_TIME","UPDATE_BY","UPDATE_TIME","REMARK") VALUES(7,2,'停用','1','sys_normal_disable','','danger','N','0','admin','2023-06-29 10:05:31.000000','',null,'停用状态');
INSERT INTO "VUEDM"."SYS_DICT_DATA"("DICT_CODE","DICT_SORT","DICT_LABEL","DICT_VALUE","DICT_TYPE","CSS_CLASS","LIST_CLASS","IS_DEFAULT","STATUS","CREATE_BY","CREATE_TIME","UPDATE_BY","UPDATE_TIME","REMARK") VALUES(8,1,'正常','0','sys_job_status','','primary','Y','0','admin','2023-06-29 10:05:31.000000','',null,'正常状态');
INSERT INTO "VUEDM"."SYS_DICT_DATA"("DICT_CODE","DICT_SORT","DICT_LABEL","DICT_VALUE","DICT_TYPE","CSS_CLASS","LIST_CLASS","IS_DEFAULT","STATUS","CREATE_BY","CREATE_TIME","UPDATE_BY","UPDATE_TIME","REMARK") VALUES(9,2,'暂停','1','sys_job_status','','danger','N','0','admin','2023-06-29 10:05:31.000000','',null,'停用状态');
INSERT INTO "VUEDM"."SYS_DICT_DATA"("DICT_CODE","DICT_SORT","DICT_LABEL","DICT_VALUE","DICT_TYPE","CSS_CLASS","LIST_CLASS","IS_DEFAULT","STATUS","CREATE_BY","CREATE_TIME","UPDATE_BY","UPDATE_TIME","REMARK") VALUES(10,1,'默认','DEFAULT','sys_job_group','','','Y','0','admin','2023-06-29 10:05:31.000000','',null,'默认分组');
INSERT INTO "VUEDM"."SYS_DICT_DATA"("DICT_CODE","DICT_SORT","DICT_LABEL","DICT_VALUE","DICT_TYPE","CSS_CLASS","LIST_CLASS","IS_DEFAULT","STATUS","CREATE_BY","CREATE_TIME","UPDATE_BY","UPDATE_TIME","REMARK") VALUES(11,2,'系统','SYSTEM','sys_job_group','','','N','0','admin','2023-06-29 10:05:31.000000','',null,'系统分组');
INSERT INTO "VUEDM"."SYS_DICT_DATA"("DICT_CODE","DICT_SORT","DICT_LABEL","DICT_VALUE","DICT_TYPE","CSS_CLASS","LIST_CLASS","IS_DEFAULT","STATUS","CREATE_BY","CREATE_TIME","UPDATE_BY","UPDATE_TIME","REMARK") VALUES(12,1,'是','Y','sys_yes_no','','primary','Y','0','admin','2023-06-29 10:05:31.000000','',null,'系统默认是');
INSERT INTO "VUEDM"."SYS_DICT_DATA"("DICT_CODE","DICT_SORT","DICT_LABEL","DICT_VALUE","DICT_TYPE","CSS_CLASS","LIST_CLASS","IS_DEFAULT","STATUS","CREATE_BY","CREATE_TIME","UPDATE_BY","UPDATE_TIME","REMARK") VALUES(13,2,'否','N','sys_yes_no','','danger','N','0','admin','2023-06-29 10:05:31.000000','',null,'系统默认否');
INSERT INTO "VUEDM"."SYS_DICT_DATA"("DICT_CODE","DICT_SORT","DICT_LABEL","DICT_VALUE","DICT_TYPE","CSS_CLASS","LIST_CLASS","IS_DEFAULT","STATUS","CREATE_BY","CREATE_TIME","UPDATE_BY","UPDATE_TIME","REMARK") VALUES(14,1,'通知','1','sys_notice_type','','warning','Y','0','admin','2023-06-29 10:05:31.000000','',null,'通知');
INSERT INTO "VUEDM"."SYS_DICT_DATA"("DICT_CODE","DICT_SORT","DICT_LABEL","DICT_VALUE","DICT_TYPE","CSS_CLASS","LIST_CLASS","IS_DEFAULT","STATUS","CREATE_BY","CREATE_TIME","UPDATE_BY","UPDATE_TIME","REMARK") VALUES(15,2,'公告','2','sys_notice_type','','success','N','0','admin','2023-06-29 10:05:31.000000','',null,'公告');
INSERT INTO "VUEDM"."SYS_DICT_DATA"("DICT_CODE","DICT_SORT","DICT_LABEL","DICT_VALUE","DICT_TYPE","CSS_CLASS","LIST_CLASS","IS_DEFAULT","STATUS","CREATE_BY","CREATE_TIME","UPDATE_BY","UPDATE_TIME","REMARK") VALUES(16,1,'正常','0','sys_notice_status','','primary','Y','0','admin','2023-06-29 10:05:31.000000','',null,'正常状态');
INSERT INTO "VUEDM"."SYS_DICT_DATA"("DICT_CODE","DICT_SORT","DICT_LABEL","DICT_VALUE","DICT_TYPE","CSS_CLASS","LIST_CLASS","IS_DEFAULT","STATUS","CREATE_BY","CREATE_TIME","UPDATE_BY","UPDATE_TIME","REMARK") VALUES(17,2,'关闭','1','sys_notice_status','','danger','N','0','admin','2023-06-29 10:05:31.000000','',null,'关闭状态');
INSERT INTO "VUEDM"."SYS_DICT_DATA"("DICT_CODE","DICT_SORT","DICT_LABEL","DICT_VALUE","DICT_TYPE","CSS_CLASS","LIST_CLASS","IS_DEFAULT","STATUS","CREATE_BY","CREATE_TIME","UPDATE_BY","UPDATE_TIME","REMARK") VALUES(18,99,'其他','0','sys_oper_type','','info','N','0','admin','2023-06-29 10:05:31.000000','',null,'其他操作');
INSERT INTO "VUEDM"."SYS_DICT_DATA"("DICT_CODE","DICT_SORT","DICT_LABEL","DICT_VALUE","DICT_TYPE","CSS_CLASS","LIST_CLASS","IS_DEFAULT","STATUS","CREATE_BY","CREATE_TIME","UPDATE_BY","UPDATE_TIME","REMARK") VALUES(19,1,'新增','1','sys_oper_type','','info','N','0','admin','2023-06-29 10:05:31.000000','',null,'新增操作');
INSERT INTO "VUEDM"."SYS_DICT_DATA"("DICT_CODE","DICT_SORT","DICT_LABEL","DICT_VALUE","DICT_TYPE","CSS_CLASS","LIST_CLASS","IS_DEFAULT","STATUS","CREATE_BY","CREATE_TIME","UPDATE_BY","UPDATE_TIME","REMARK") VALUES(20,2,'修改','2','sys_oper_type','','info','N','0','admin','2023-06-29 10:05:31.000000','',null,'修改操作');
INSERT INTO "VUEDM"."SYS_DICT_DATA"("DICT_CODE","DICT_SORT","DICT_LABEL","DICT_VALUE","DICT_TYPE","CSS_CLASS","LIST_CLASS","IS_DEFAULT","STATUS","CREATE_BY","CREATE_TIME","UPDATE_BY","UPDATE_TIME","REMARK") VALUES(21,3,'删除','3','sys_oper_type','','danger','N','0','admin','2023-06-29 10:05:31.000000','',null,'删除操作');
INSERT INTO "VUEDM"."SYS_DICT_DATA"("DICT_CODE","DICT_SORT","DICT_LABEL","DICT_VALUE","DICT_TYPE","CSS_CLASS","LIST_CLASS","IS_DEFAULT","STATUS","CREATE_BY","CREATE_TIME","UPDATE_BY","UPDATE_TIME","REMARK") VALUES(22,4,'授权','4','sys_oper_type','','primary','N','0','admin','2023-06-29 10:05:31.000000','',null,'授权操作');
INSERT INTO "VUEDM"."SYS_DICT_DATA"("DICT_CODE","DICT_SORT","DICT_LABEL","DICT_VALUE","DICT_TYPE","CSS_CLASS","LIST_CLASS","IS_DEFAULT","STATUS","CREATE_BY","CREATE_TIME","UPDATE_BY","UPDATE_TIME","REMARK") VALUES(23,5,'导出','5','sys_oper_type','','warning','N','0','admin','2023-06-29 10:05:31.000000','',null,'导出操作');
INSERT INTO "VUEDM"."SYS_DICT_DATA"("DICT_CODE","DICT_SORT","DICT_LABEL","DICT_VALUE","DICT_TYPE","CSS_CLASS","LIST_CLASS","IS_DEFAULT","STATUS","CREATE_BY","CREATE_TIME","UPDATE_BY","UPDATE_TIME","REMARK") VALUES(24,6,'导入','6','sys_oper_type','','warning','N','0','admin','2023-06-29 10:05:31.000000','',null,'导入操作');
INSERT INTO "VUEDM"."SYS_DICT_DATA"("DICT_CODE","DICT_SORT","DICT_LABEL","DICT_VALUE","DICT_TYPE","CSS_CLASS","LIST_CLASS","IS_DEFAULT","STATUS","CREATE_BY","CREATE_TIME","UPDATE_BY","UPDATE_TIME","REMARK") VALUES(25,7,'强退','7','sys_oper_type','','danger','N','0','admin','2023-06-29 10:05:31.000000','',null,'强退操作');
INSERT INTO "VUEDM"."SYS_DICT_DATA"("DICT_CODE","DICT_SORT","DICT_LABEL","DICT_VALUE","DICT_TYPE","CSS_CLASS","LIST_CLASS","IS_DEFAULT","STATUS","CREATE_BY","CREATE_TIME","UPDATE_BY","UPDATE_TIME","REMARK") VALUES(26,8,'生成代码','8','sys_oper_type','','warning','N','0','admin','2023-06-29 10:05:31.000000','',null,'生成操作');
INSERT INTO "VUEDM"."SYS_DICT_DATA"("DICT_CODE","DICT_SORT","DICT_LABEL","DICT_VALUE","DICT_TYPE","CSS_CLASS","LIST_CLASS","IS_DEFAULT","STATUS","CREATE_BY","CREATE_TIME","UPDATE_BY","UPDATE_TIME","REMARK") VALUES(27,9,'清空数据','9','sys_oper_type','','danger','N','0','admin','2023-06-29 10:05:31.000000','',null,'清空操作');
INSERT INTO "VUEDM"."SYS_DICT_DATA"("DICT_CODE","DICT_SORT","DICT_LABEL","DICT_VALUE","DICT_TYPE","CSS_CLASS","LIST_CLASS","IS_DEFAULT","STATUS","CREATE_BY","CREATE_TIME","UPDATE_BY","UPDATE_TIME","REMARK") VALUES(28,1,'成功','0','sys_common_status','','primary','N','0','admin','2023-06-29 10:05:31.000000','',null,'正常状态');
INSERT INTO "VUEDM"."SYS_DICT_DATA"("DICT_CODE","DICT_SORT","DICT_LABEL","DICT_VALUE","DICT_TYPE","CSS_CLASS","LIST_CLASS","IS_DEFAULT","STATUS","CREATE_BY","CREATE_TIME","UPDATE_BY","UPDATE_TIME","REMARK") VALUES(29,2,'失败','1','sys_common_status','','danger','N','0','admin','2023-06-29 10:05:31.000000','',null,'停用状态');

SET IDENTITY_INSERT "VUEDM"."SYS_DICT_DATA" OFF;
SET IDENTITY_INSERT "VUEDM"."SYS_DICT_TYPE" ON;
INSERT INTO "VUEDM"."SYS_DICT_TYPE"("DICT_ID","DICT_NAME","DICT_TYPE","STATUS","CREATE_BY","CREATE_TIME","UPDATE_BY","UPDATE_TIME","REMARK") VALUES(1,'用户性别','sys_user_sex','0','admin','2023-06-29 10:05:30.000000','',null,'用户性别列表');
INSERT INTO "VUEDM"."SYS_DICT_TYPE"("DICT_ID","DICT_NAME","DICT_TYPE","STATUS","CREATE_BY","CREATE_TIME","UPDATE_BY","UPDATE_TIME","REMARK") VALUES(2,'菜单状态','sys_show_hide','0','admin','2023-06-29 10:05:30.000000','',null,'菜单状态列表');
INSERT INTO "VUEDM"."SYS_DICT_TYPE"("DICT_ID","DICT_NAME","DICT_TYPE","STATUS","CREATE_BY","CREATE_TIME","UPDATE_BY","UPDATE_TIME","REMARK") VALUES(3,'系统开关','sys_normal_disable','0','admin','2023-06-29 10:05:30.000000','',null,'系统开关列表');
INSERT INTO "VUEDM"."SYS_DICT_TYPE"("DICT_ID","DICT_NAME","DICT_TYPE","STATUS","CREATE_BY","CREATE_TIME","UPDATE_BY","UPDATE_TIME","REMARK") VALUES(4,'任务状态','sys_job_status','0','admin','2023-06-29 10:05:30.000000','',null,'任务状态列表');
INSERT INTO "VUEDM"."SYS_DICT_TYPE"("DICT_ID","DICT_NAME","DICT_TYPE","STATUS","CREATE_BY","CREATE_TIME","UPDATE_BY","UPDATE_TIME","REMARK") VALUES(5,'任务分组','sys_job_group','0','admin','2023-06-29 10:05:30.000000','',null,'任务分组列表');
INSERT INTO "VUEDM"."SYS_DICT_TYPE"("DICT_ID","DICT_NAME","DICT_TYPE","STATUS","CREATE_BY","CREATE_TIME","UPDATE_BY","UPDATE_TIME","REMARK") VALUES(6,'系统是否','sys_yes_no','0','admin','2023-06-29 10:05:30.000000','',null,'系统是否列表');
INSERT INTO "VUEDM"."SYS_DICT_TYPE"("DICT_ID","DICT_NAME","DICT_TYPE","STATUS","CREATE_BY","CREATE_TIME","UPDATE_BY","UPDATE_TIME","REMARK") VALUES(7,'通知类型','sys_notice_type','0','admin','2023-06-29 10:05:30.000000','',null,'通知类型列表');
INSERT INTO "VUEDM"."SYS_DICT_TYPE"("DICT_ID","DICT_NAME","DICT_TYPE","STATUS","CREATE_BY","CREATE_TIME","UPDATE_BY","UPDATE_TIME","REMARK") VALUES(8,'通知状态','sys_notice_status','0','admin','2023-06-29 10:05:30.000000','',null,'通知状态列表');
INSERT INTO "VUEDM"."SYS_DICT_TYPE"("DICT_ID","DICT_NAME","DICT_TYPE","STATUS","CREATE_BY","CREATE_TIME","UPDATE_BY","UPDATE_TIME","REMARK") VALUES(9,'操作类型','sys_oper_type','0','admin','2023-06-29 10:05:30.000000','',null,'操作类型列表');
INSERT INTO "VUEDM"."SYS_DICT_TYPE"("DICT_ID","DICT_NAME","DICT_TYPE","STATUS","CREATE_BY","CREATE_TIME","UPDATE_BY","UPDATE_TIME","REMARK") VALUES(10,'系统状态','sys_common_status','0','admin','2023-06-29 10:05:30.000000','',null,'登录状态列表');

SET IDENTITY_INSERT "VUEDM"."SYS_DICT_TYPE" OFF;
SET IDENTITY_INSERT "VUEDM"."SYS_JOB" ON;
INSERT INTO "VUEDM"."SYS_JOB"("JOB_ID","JOB_NAME","JOB_GROUP","INVOKE_TARGET","CRON_EXPRESSION","MISFIRE_POLICY","CONCURRENT","STATUS","CREATE_BY","CREATE_TIME","UPDATE_BY","UPDATE_TIME","REMARK") VALUES(1,'系统默认（无参）','DEFAULT','ryTask.ryNoParams','0/10 * * * * ?','3','1','1','admin','2023-06-29 10:05:31.000000','',null,'');
INSERT INTO "VUEDM"."SYS_JOB"("JOB_ID","JOB_NAME","JOB_GROUP","INVOKE_TARGET","CRON_EXPRESSION","MISFIRE_POLICY","CONCURRENT","STATUS","CREATE_BY","CREATE_TIME","UPDATE_BY","UPDATE_TIME","REMARK") VALUES(2,'系统默认（有参）','DEFAULT','ryTask.ryParams(''ry'')','0/15 * * * * ?','3','1','1','admin','2023-06-29 10:05:31.000000','',null,'');
INSERT INTO "VUEDM"."SYS_JOB"("JOB_ID","JOB_NAME","JOB_GROUP","INVOKE_TARGET","CRON_EXPRESSION","MISFIRE_POLICY","CONCURRENT","STATUS","CREATE_BY","CREATE_TIME","UPDATE_BY","UPDATE_TIME","REMARK") VALUES(3,'系统默认（多参）','DEFAULT','ryTask.ryMultipleParams(''ry'', true, 2000L, 316.50D, 100)','0/20 * * * * ?','3','1','1','admin','2023-06-29 10:05:31.000000','',null,'');

SET IDENTITY_INSERT "VUEDM"."SYS_JOB" OFF;
SET IDENTITY_INSERT "VUEDM"."SYS_JOB_LOG" ON;
SET IDENTITY_INSERT "VUEDM"."SYS_JOB_LOG" OFF;
SET IDENTITY_INSERT "VUEDM"."SYS_LOGININFOR" ON;
INSERT INTO "VUEDM"."SYS_LOGININFOR"("INFO_ID","USER_NAME","IPADDR","LOGIN_LOCATION","BROWSER","OS","STATUS","MSG","LOGIN_TIME") VALUES(117,'admin','127.0.0.1','内网IP','Chrome 11','Windows 10','0','登录成功','2023-07-25 18:28:42.000000');
INSERT INTO "VUEDM"."SYS_LOGININFOR"("INFO_ID","USER_NAME","IPADDR","LOGIN_LOCATION","BROWSER","OS","STATUS","MSG","LOGIN_TIME") VALUES(118,'admin','127.0.0.1','内网IP','Chrome 11','Windows 10','0','登录成功','2023-08-22 17:01:48.000000');
INSERT INTO "VUEDM"."SYS_LOGININFOR"("INFO_ID","USER_NAME","IPADDR","LOGIN_LOCATION","BROWSER","OS","STATUS","MSG","LOGIN_TIME") VALUES(119,'admin','127.0.0.1','内网IP','Chrome 11','Windows 10','0','登录成功','2023-08-23 09:33:25.000000');
INSERT INTO "VUEDM"."SYS_LOGININFOR"("INFO_ID","USER_NAME","IPADDR","LOGIN_LOCATION","BROWSER","OS","STATUS","MSG","LOGIN_TIME") VALUES(120,'admin','127.0.0.1','内网IP','Chrome 11','Windows 10','0','登录成功','2023-08-23 10:35:09.000000');
INSERT INTO "VUEDM"."SYS_LOGININFOR"("INFO_ID","USER_NAME","IPADDR","LOGIN_LOCATION","BROWSER","OS","STATUS","MSG","LOGIN_TIME") VALUES(121,'admin','127.0.0.1','内网IP','Chrome 11','Windows 10','0','登录成功','2023-08-23 11:47:19.000000');

SET IDENTITY_INSERT "VUEDM"."SYS_LOGININFOR" OFF;
SET IDENTITY_INSERT "VUEDM"."SYS_MENU" ON;
INSERT INTO "VUEDM"."SYS_MENU"("MENU_ID","MENU_NAME","PARENT_ID","ORDER_NUM","PATH","COMPONENT","QUERY","IS_FRAME","IS_CACHE","MENU_TYPE","VISIBLE","STATUS","PERMS","ICON","CREATE_BY","CREATE_TIME","UPDATE_BY","UPDATE_TIME","REMARK") VALUES(1,'系统管理',0,1,'system',null,'',1,0,'M','0','0','','system','admin','2023-06-29 10:05:28.000000','',null,'系统管理目录');
INSERT INTO "VUEDM"."SYS_MENU"("MENU_ID","MENU_NAME","PARENT_ID","ORDER_NUM","PATH","COMPONENT","QUERY","IS_FRAME","IS_CACHE","MENU_TYPE","VISIBLE","STATUS","PERMS","ICON","CREATE_BY","CREATE_TIME","UPDATE_BY","UPDATE_TIME","REMARK") VALUES(2,'系统监控',0,2,'monitor',null,'',1,0,'M','0','0','','monitor','admin','2023-06-29 10:05:28.000000','',null,'系统监控目录');
INSERT INTO "VUEDM"."SYS_MENU"("MENU_ID","MENU_NAME","PARENT_ID","ORDER_NUM","PATH","COMPONENT","QUERY","IS_FRAME","IS_CACHE","MENU_TYPE","VISIBLE","STATUS","PERMS","ICON","CREATE_BY","CREATE_TIME","UPDATE_BY","UPDATE_TIME","REMARK") VALUES(3,'系统工具',0,3,'tool',null,'',1,0,'M','0','0','','tool','admin','2023-06-29 10:05:28.000000','',null,'系统工具目录');
INSERT INTO "VUEDM"."SYS_MENU"("MENU_ID","MENU_NAME","PARENT_ID","ORDER_NUM","PATH","COMPONENT","QUERY","IS_FRAME","IS_CACHE","MENU_TYPE","VISIBLE","STATUS","PERMS","ICON","CREATE_BY","CREATE_TIME","UPDATE_BY","UPDATE_TIME","REMARK") VALUES(4,'若依官网',0,4,'https://ruoyi.vip',null,'',0,0,'M','1','1','','guide','admin','2023-06-29 10:05:28.000000','admin','2023-07-25 11:38:30.000000','若依官网地址');
INSERT INTO "VUEDM"."SYS_MENU"("MENU_ID","MENU_NAME","PARENT_ID","ORDER_NUM","PATH","COMPONENT","QUERY","IS_FRAME","IS_CACHE","MENU_TYPE","VISIBLE","STATUS","PERMS","ICON","CREATE_BY","CREATE_TIME","UPDATE_BY","UPDATE_TIME","REMARK") VALUES(100,'用户管理',1,1,'user','system/user/index','',1,0,'C','0','0','system:user:list','user','admin','2023-06-29 10:05:28.000000','',null,'用户管理菜单');
INSERT INTO "VUEDM"."SYS_MENU"("MENU_ID","MENU_NAME","PARENT_ID","ORDER_NUM","PATH","COMPONENT","QUERY","IS_FRAME","IS_CACHE","MENU_TYPE","VISIBLE","STATUS","PERMS","ICON","CREATE_BY","CREATE_TIME","UPDATE_BY","UPDATE_TIME","REMARK") VALUES(101,'角色管理',1,2,'role','system/role/index','',1,0,'C','0','0','system:role:list','peoples','admin','2023-06-29 10:05:28.000000','',null,'角色管理菜单');
INSERT INTO "VUEDM"."SYS_MENU"("MENU_ID","MENU_NAME","PARENT_ID","ORDER_NUM","PATH","COMPONENT","QUERY","IS_FRAME","IS_CACHE","MENU_TYPE","VISIBLE","STATUS","PERMS","ICON","CREATE_BY","CREATE_TIME","UPDATE_BY","UPDATE_TIME","REMARK") VALUES(102,'菜单管理',1,3,'menu','system/menu/index','',1,0,'C','0','0','system:menu:list','tree-table','admin','2023-06-29 10:05:28.000000','',null,'菜单管理菜单');
INSERT INTO "VUEDM"."SYS_MENU"("MENU_ID","MENU_NAME","PARENT_ID","ORDER_NUM","PATH","COMPONENT","QUERY","IS_FRAME","IS_CACHE","MENU_TYPE","VISIBLE","STATUS","PERMS","ICON","CREATE_BY","CREATE_TIME","UPDATE_BY","UPDATE_TIME","REMARK") VALUES(103,'部门管理',1,4,'dept','system/dept/index','',1,0,'C','0','0','system:dept:list','tree','admin','2023-06-29 10:05:28.000000','',null,'部门管理菜单');
INSERT INTO "VUEDM"."SYS_MENU"("MENU_ID","MENU_NAME","PARENT_ID","ORDER_NUM","PATH","COMPONENT","QUERY","IS_FRAME","IS_CACHE","MENU_TYPE","VISIBLE","STATUS","PERMS","ICON","CREATE_BY","CREATE_TIME","UPDATE_BY","UPDATE_TIME","REMARK") VALUES(104,'岗位管理',1,5,'post','system/post/index','',1,0,'C','0','0','system:post:list','post','admin','2023-06-29 10:05:28.000000','',null,'岗位管理菜单');
INSERT INTO "VUEDM"."SYS_MENU"("MENU_ID","MENU_NAME","PARENT_ID","ORDER_NUM","PATH","COMPONENT","QUERY","IS_FRAME","IS_CACHE","MENU_TYPE","VISIBLE","STATUS","PERMS","ICON","CREATE_BY","CREATE_TIME","UPDATE_BY","UPDATE_TIME","REMARK") VALUES(105,'字典管理',1,6,'dict','system/dict/index','',1,0,'C','0','0','system:dict:list','dict','admin','2023-06-29 10:05:28.000000','',null,'字典管理菜单');
INSERT INTO "VUEDM"."SYS_MENU"("MENU_ID","MENU_NAME","PARENT_ID","ORDER_NUM","PATH","COMPONENT","QUERY","IS_FRAME","IS_CACHE","MENU_TYPE","VISIBLE","STATUS","PERMS","ICON","CREATE_BY","CREATE_TIME","UPDATE_BY","UPDATE_TIME","REMARK") VALUES(106,'参数设置',1,7,'config','system/config/index','',1,0,'C','0','0','system:config:list','edit','admin','2023-06-29 10:05:28.000000','',null,'参数设置菜单');
INSERT INTO "VUEDM"."SYS_MENU"("MENU_ID","MENU_NAME","PARENT_ID","ORDER_NUM","PATH","COMPONENT","QUERY","IS_FRAME","IS_CACHE","MENU_TYPE","VISIBLE","STATUS","PERMS","ICON","CREATE_BY","CREATE_TIME","UPDATE_BY","UPDATE_TIME","REMARK") VALUES(107,'通知公告',1,8,'notice','system/notice/index','',1,0,'C','0','0','system:notice:list','message','admin','2023-06-29 10:05:28.000000','',null,'通知公告菜单');
INSERT INTO "VUEDM"."SYS_MENU"("MENU_ID","MENU_NAME","PARENT_ID","ORDER_NUM","PATH","COMPONENT","QUERY","IS_FRAME","IS_CACHE","MENU_TYPE","VISIBLE","STATUS","PERMS","ICON","CREATE_BY","CREATE_TIME","UPDATE_BY","UPDATE_TIME","REMARK") VALUES(108,'日志管理',1,9,'log','','',1,0,'M','0','0','','log','admin','2023-06-29 10:05:28.000000','',null,'日志管理菜单');
INSERT INTO "VUEDM"."SYS_MENU"("MENU_ID","MENU_NAME","PARENT_ID","ORDER_NUM","PATH","COMPONENT","QUERY","IS_FRAME","IS_CACHE","MENU_TYPE","VISIBLE","STATUS","PERMS","ICON","CREATE_BY","CREATE_TIME","UPDATE_BY","UPDATE_TIME","REMARK") VALUES(109,'在线用户',2,1,'online','monitor/online/index','',1,0,'C','0','0','monitor:online:list','online','admin','2023-06-29 10:05:28.000000','',null,'在线用户菜单');
INSERT INTO "VUEDM"."SYS_MENU"("MENU_ID","MENU_NAME","PARENT_ID","ORDER_NUM","PATH","COMPONENT","QUERY","IS_FRAME","IS_CACHE","MENU_TYPE","VISIBLE","STATUS","PERMS","ICON","CREATE_BY","CREATE_TIME","UPDATE_BY","UPDATE_TIME","REMARK") VALUES(110,'定时任务',2,2,'job','monitor/job/index','',1,0,'C','0','0','monitor:job:list','job','admin','2023-06-29 10:05:28.000000','',null,'定时任务菜单');
INSERT INTO "VUEDM"."SYS_MENU"("MENU_ID","MENU_NAME","PARENT_ID","ORDER_NUM","PATH","COMPONENT","QUERY","IS_FRAME","IS_CACHE","MENU_TYPE","VISIBLE","STATUS","PERMS","ICON","CREATE_BY","CREATE_TIME","UPDATE_BY","UPDATE_TIME","REMARK") VALUES(111,'数据监控',2,3,'druid','monitor/druid/index','',1,0,'C','0','0','monitor:druid:list','druid','admin','2023-06-29 10:05:28.000000','',null,'数据监控菜单');
INSERT INTO "VUEDM"."SYS_MENU"("MENU_ID","MENU_NAME","PARENT_ID","ORDER_NUM","PATH","COMPONENT","QUERY","IS_FRAME","IS_CACHE","MENU_TYPE","VISIBLE","STATUS","PERMS","ICON","CREATE_BY","CREATE_TIME","UPDATE_BY","UPDATE_TIME","REMARK") VALUES(112,'服务监控',2,4,'server','monitor/server/index','',1,0,'C','0','0','monitor:server:list','server','admin','2023-06-29 10:05:28.000000','',null,'服务监控菜单');
INSERT INTO "VUEDM"."SYS_MENU"("MENU_ID","MENU_NAME","PARENT_ID","ORDER_NUM","PATH","COMPONENT","QUERY","IS_FRAME","IS_CACHE","MENU_TYPE","VISIBLE","STATUS","PERMS","ICON","CREATE_BY","CREATE_TIME","UPDATE_BY","UPDATE_TIME","REMARK") VALUES(113,'缓存监控',2,5,'cache','monitor/cache/index','',1,0,'C','0','0','monitor:cache:list','redis','admin','2023-06-29 10:05:28.000000','',null,'缓存监控菜单');
INSERT INTO "VUEDM"."SYS_MENU"("MENU_ID","MENU_NAME","PARENT_ID","ORDER_NUM","PATH","COMPONENT","QUERY","IS_FRAME","IS_CACHE","MENU_TYPE","VISIBLE","STATUS","PERMS","ICON","CREATE_BY","CREATE_TIME","UPDATE_BY","UPDATE_TIME","REMARK") VALUES(114,'缓存列表',2,6,'cacheList','monitor/cache/list','',1,0,'C','0','0','monitor:cache:list','redis-list','admin','2023-06-29 10:05:28.000000','',null,'缓存列表菜单');
INSERT INTO "VUEDM"."SYS_MENU"("MENU_ID","MENU_NAME","PARENT_ID","ORDER_NUM","PATH","COMPONENT","QUERY","IS_FRAME","IS_CACHE","MENU_TYPE","VISIBLE","STATUS","PERMS","ICON","CREATE_BY","CREATE_TIME","UPDATE_BY","UPDATE_TIME","REMARK") VALUES(115,'表单构建',3,1,'build','tool/build/index','',1,0,'C','0','0','tool:build:list','build','admin','2023-06-29 10:05:28.000000','',null,'表单构建菜单');
INSERT INTO "VUEDM"."SYS_MENU"("MENU_ID","MENU_NAME","PARENT_ID","ORDER_NUM","PATH","COMPONENT","QUERY","IS_FRAME","IS_CACHE","MENU_TYPE","VISIBLE","STATUS","PERMS","ICON","CREATE_BY","CREATE_TIME","UPDATE_BY","UPDATE_TIME","REMARK") VALUES(116,'代码生成',3,2,'gen','tool/gen/index','',1,0,'C','0','0','tool:gen:list','code','admin','2023-06-29 10:05:28.000000','',null,'代码生成菜单');
INSERT INTO "VUEDM"."SYS_MENU"("MENU_ID","MENU_NAME","PARENT_ID","ORDER_NUM","PATH","COMPONENT","QUERY","IS_FRAME","IS_CACHE","MENU_TYPE","VISIBLE","STATUS","PERMS","ICON","CREATE_BY","CREATE_TIME","UPDATE_BY","UPDATE_TIME","REMARK") VALUES(117,'系统接口',3,3,'swagger','tool/swagger/index','',1,0,'C','0','0','tool:swagger:list','swagger','admin','2023-06-29 10:05:28.000000','',null,'系统接口菜单');
INSERT INTO "VUEDM"."SYS_MENU"("MENU_ID","MENU_NAME","PARENT_ID","ORDER_NUM","PATH","COMPONENT","QUERY","IS_FRAME","IS_CACHE","MENU_TYPE","VISIBLE","STATUS","PERMS","ICON","CREATE_BY","CREATE_TIME","UPDATE_BY","UPDATE_TIME","REMARK") VALUES(500,'操作日志',108,1,'operlog','monitor/operlog/index','',1,0,'C','0','0','monitor:operlog:list','form','admin','2023-06-29 10:05:28.000000','',null,'操作日志菜单');
INSERT INTO "VUEDM"."SYS_MENU"("MENU_ID","MENU_NAME","PARENT_ID","ORDER_NUM","PATH","COMPONENT","QUERY","IS_FRAME","IS_CACHE","MENU_TYPE","VISIBLE","STATUS","PERMS","ICON","CREATE_BY","CREATE_TIME","UPDATE_BY","UPDATE_TIME","REMARK") VALUES(501,'登录日志',108,2,'logininfor','monitor/logininfor/index','',1,0,'C','0','0','monitor:logininfor:list','logininfor','admin','2023-06-29 10:05:28.000000','',null,'登录日志菜单');
INSERT INTO "VUEDM"."SYS_MENU"("MENU_ID","MENU_NAME","PARENT_ID","ORDER_NUM","PATH","COMPONENT","QUERY","IS_FRAME","IS_CACHE","MENU_TYPE","VISIBLE","STATUS","PERMS","ICON","CREATE_BY","CREATE_TIME","UPDATE_BY","UPDATE_TIME","REMARK") VALUES(1000,'用户查询',100,1,'','','',1,0,'F','0','0','system:user:query','#','admin','2023-06-29 10:05:28.000000','',null,'');
INSERT INTO "VUEDM"."SYS_MENU"("MENU_ID","MENU_NAME","PARENT_ID","ORDER_NUM","PATH","COMPONENT","QUERY","IS_FRAME","IS_CACHE","MENU_TYPE","VISIBLE","STATUS","PERMS","ICON","CREATE_BY","CREATE_TIME","UPDATE_BY","UPDATE_TIME","REMARK") VALUES(1001,'用户新增',100,2,'','','',1,0,'F','0','0','system:user:add','#','admin','2023-06-29 10:05:28.000000','',null,'');
INSERT INTO "VUEDM"."SYS_MENU"("MENU_ID","MENU_NAME","PARENT_ID","ORDER_NUM","PATH","COMPONENT","QUERY","IS_FRAME","IS_CACHE","MENU_TYPE","VISIBLE","STATUS","PERMS","ICON","CREATE_BY","CREATE_TIME","UPDATE_BY","UPDATE_TIME","REMARK") VALUES(1002,'用户修改',100,3,'','','',1,0,'F','0','0','system:user:edit','#','admin','2023-06-29 10:05:28.000000','',null,'');
INSERT INTO "VUEDM"."SYS_MENU"("MENU_ID","MENU_NAME","PARENT_ID","ORDER_NUM","PATH","COMPONENT","QUERY","IS_FRAME","IS_CACHE","MENU_TYPE","VISIBLE","STATUS","PERMS","ICON","CREATE_BY","CREATE_TIME","UPDATE_BY","UPDATE_TIME","REMARK") VALUES(1003,'用户删除',100,4,'','','',1,0,'F','0','0','system:user:remove','#','admin','2023-06-29 10:05:28.000000','',null,'');
INSERT INTO "VUEDM"."SYS_MENU"("MENU_ID","MENU_NAME","PARENT_ID","ORDER_NUM","PATH","COMPONENT","QUERY","IS_FRAME","IS_CACHE","MENU_TYPE","VISIBLE","STATUS","PERMS","ICON","CREATE_BY","CREATE_TIME","UPDATE_BY","UPDATE_TIME","REMARK") VALUES(1004,'用户导出',100,5,'','','',1,0,'F','0','0','system:user:export','#','admin','2023-06-29 10:05:28.000000','',null,'');
INSERT INTO "VUEDM"."SYS_MENU"("MENU_ID","MENU_NAME","PARENT_ID","ORDER_NUM","PATH","COMPONENT","QUERY","IS_FRAME","IS_CACHE","MENU_TYPE","VISIBLE","STATUS","PERMS","ICON","CREATE_BY","CREATE_TIME","UPDATE_BY","UPDATE_TIME","REMARK") VALUES(1005,'用户导入',100,6,'','','',1,0,'F','0','0','system:user:import','#','admin','2023-06-29 10:05:28.000000','',null,'');
INSERT INTO "VUEDM"."SYS_MENU"("MENU_ID","MENU_NAME","PARENT_ID","ORDER_NUM","PATH","COMPONENT","QUERY","IS_FRAME","IS_CACHE","MENU_TYPE","VISIBLE","STATUS","PERMS","ICON","CREATE_BY","CREATE_TIME","UPDATE_BY","UPDATE_TIME","REMARK") VALUES(1006,'重置密码',100,7,'','','',1,0,'F','0','0','system:user:resetPwd','#','admin','2023-06-29 10:05:28.000000','',null,'');
INSERT INTO "VUEDM"."SYS_MENU"("MENU_ID","MENU_NAME","PARENT_ID","ORDER_NUM","PATH","COMPONENT","QUERY","IS_FRAME","IS_CACHE","MENU_TYPE","VISIBLE","STATUS","PERMS","ICON","CREATE_BY","CREATE_TIME","UPDATE_BY","UPDATE_TIME","REMARK") VALUES(1007,'角色查询',101,1,'','','',1,0,'F','0','0','system:role:query','#','admin','2023-06-29 10:05:28.000000','',null,'');
INSERT INTO "VUEDM"."SYS_MENU"("MENU_ID","MENU_NAME","PARENT_ID","ORDER_NUM","PATH","COMPONENT","QUERY","IS_FRAME","IS_CACHE","MENU_TYPE","VISIBLE","STATUS","PERMS","ICON","CREATE_BY","CREATE_TIME","UPDATE_BY","UPDATE_TIME","REMARK") VALUES(1008,'角色新增',101,2,'','','',1,0,'F','0','0','system:role:add','#','admin','2023-06-29 10:05:28.000000','',null,'');
INSERT INTO "VUEDM"."SYS_MENU"("MENU_ID","MENU_NAME","PARENT_ID","ORDER_NUM","PATH","COMPONENT","QUERY","IS_FRAME","IS_CACHE","MENU_TYPE","VISIBLE","STATUS","PERMS","ICON","CREATE_BY","CREATE_TIME","UPDATE_BY","UPDATE_TIME","REMARK") VALUES(1009,'角色修改',101,3,'','','',1,0,'F','0','0','system:role:edit','#','admin','2023-06-29 10:05:28.000000','',null,'');
INSERT INTO "VUEDM"."SYS_MENU"("MENU_ID","MENU_NAME","PARENT_ID","ORDER_NUM","PATH","COMPONENT","QUERY","IS_FRAME","IS_CACHE","MENU_TYPE","VISIBLE","STATUS","PERMS","ICON","CREATE_BY","CREATE_TIME","UPDATE_BY","UPDATE_TIME","REMARK") VALUES(1010,'角色删除',101,4,'','','',1,0,'F','0','0','system:role:remove','#','admin','2023-06-29 10:05:28.000000','',null,'');
INSERT INTO "VUEDM"."SYS_MENU"("MENU_ID","MENU_NAME","PARENT_ID","ORDER_NUM","PATH","COMPONENT","QUERY","IS_FRAME","IS_CACHE","MENU_TYPE","VISIBLE","STATUS","PERMS","ICON","CREATE_BY","CREATE_TIME","UPDATE_BY","UPDATE_TIME","REMARK") VALUES(1011,'角色导出',101,5,'','','',1,0,'F','0','0','system:role:export','#','admin','2023-06-29 10:05:28.000000','',null,'');
INSERT INTO "VUEDM"."SYS_MENU"("MENU_ID","MENU_NAME","PARENT_ID","ORDER_NUM","PATH","COMPONENT","QUERY","IS_FRAME","IS_CACHE","MENU_TYPE","VISIBLE","STATUS","PERMS","ICON","CREATE_BY","CREATE_TIME","UPDATE_BY","UPDATE_TIME","REMARK") VALUES(1012,'菜单查询',102,1,'','','',1,0,'F','0','0','system:menu:query','#','admin','2023-06-29 10:05:28.000000','',null,'');
INSERT INTO "VUEDM"."SYS_MENU"("MENU_ID","MENU_NAME","PARENT_ID","ORDER_NUM","PATH","COMPONENT","QUERY","IS_FRAME","IS_CACHE","MENU_TYPE","VISIBLE","STATUS","PERMS","ICON","CREATE_BY","CREATE_TIME","UPDATE_BY","UPDATE_TIME","REMARK") VALUES(1013,'菜单新增',102,2,'','','',1,0,'F','0','0','system:menu:add','#','admin','2023-06-29 10:05:28.000000','',null,'');
INSERT INTO "VUEDM"."SYS_MENU"("MENU_ID","MENU_NAME","PARENT_ID","ORDER_NUM","PATH","COMPONENT","QUERY","IS_FRAME","IS_CACHE","MENU_TYPE","VISIBLE","STATUS","PERMS","ICON","CREATE_BY","CREATE_TIME","UPDATE_BY","UPDATE_TIME","REMARK") VALUES(1014,'菜单修改',102,3,'','','',1,0,'F','0','0','system:menu:edit','#','admin','2023-06-29 10:05:28.000000','',null,'');
INSERT INTO "VUEDM"."SYS_MENU"("MENU_ID","MENU_NAME","PARENT_ID","ORDER_NUM","PATH","COMPONENT","QUERY","IS_FRAME","IS_CACHE","MENU_TYPE","VISIBLE","STATUS","PERMS","ICON","CREATE_BY","CREATE_TIME","UPDATE_BY","UPDATE_TIME","REMARK") VALUES(1015,'菜单删除',102,4,'','','',1,0,'F','0','0','system:menu:remove','#','admin','2023-06-29 10:05:28.000000','',null,'');
INSERT INTO "VUEDM"."SYS_MENU"("MENU_ID","MENU_NAME","PARENT_ID","ORDER_NUM","PATH","COMPONENT","QUERY","IS_FRAME","IS_CACHE","MENU_TYPE","VISIBLE","STATUS","PERMS","ICON","CREATE_BY","CREATE_TIME","UPDATE_BY","UPDATE_TIME","REMARK") VALUES(1016,'部门查询',103,1,'','','',1,0,'F','0','0','system:dept:query','#','admin','2023-06-29 10:05:28.000000','',null,'');
INSERT INTO "VUEDM"."SYS_MENU"("MENU_ID","MENU_NAME","PARENT_ID","ORDER_NUM","PATH","COMPONENT","QUERY","IS_FRAME","IS_CACHE","MENU_TYPE","VISIBLE","STATUS","PERMS","ICON","CREATE_BY","CREATE_TIME","UPDATE_BY","UPDATE_TIME","REMARK") VALUES(1017,'部门新增',103,2,'','','',1,0,'F','0','0','system:dept:add','#','admin','2023-06-29 10:05:28.000000','',null,'');
INSERT INTO "VUEDM"."SYS_MENU"("MENU_ID","MENU_NAME","PARENT_ID","ORDER_NUM","PATH","COMPONENT","QUERY","IS_FRAME","IS_CACHE","MENU_TYPE","VISIBLE","STATUS","PERMS","ICON","CREATE_BY","CREATE_TIME","UPDATE_BY","UPDATE_TIME","REMARK") VALUES(1018,'部门修改',103,3,'','','',1,0,'F','0','0','system:dept:edit','#','admin','2023-06-29 10:05:28.000000','',null,'');
INSERT INTO "VUEDM"."SYS_MENU"("MENU_ID","MENU_NAME","PARENT_ID","ORDER_NUM","PATH","COMPONENT","QUERY","IS_FRAME","IS_CACHE","MENU_TYPE","VISIBLE","STATUS","PERMS","ICON","CREATE_BY","CREATE_TIME","UPDATE_BY","UPDATE_TIME","REMARK") VALUES(1019,'部门删除',103,4,'','','',1,0,'F','0','0','system:dept:remove','#','admin','2023-06-29 10:05:28.000000','',null,'');
INSERT INTO "VUEDM"."SYS_MENU"("MENU_ID","MENU_NAME","PARENT_ID","ORDER_NUM","PATH","COMPONENT","QUERY","IS_FRAME","IS_CACHE","MENU_TYPE","VISIBLE","STATUS","PERMS","ICON","CREATE_BY","CREATE_TIME","UPDATE_BY","UPDATE_TIME","REMARK") VALUES(1020,'岗位查询',104,1,'','','',1,0,'F','0','0','system:post:query','#','admin','2023-06-29 10:05:28.000000','',null,'');
INSERT INTO "VUEDM"."SYS_MENU"("MENU_ID","MENU_NAME","PARENT_ID","ORDER_NUM","PATH","COMPONENT","QUERY","IS_FRAME","IS_CACHE","MENU_TYPE","VISIBLE","STATUS","PERMS","ICON","CREATE_BY","CREATE_TIME","UPDATE_BY","UPDATE_TIME","REMARK") VALUES(1021,'岗位新增',104,2,'','','',1,0,'F','0','0','system:post:add','#','admin','2023-06-29 10:05:28.000000','',null,'');
INSERT INTO "VUEDM"."SYS_MENU"("MENU_ID","MENU_NAME","PARENT_ID","ORDER_NUM","PATH","COMPONENT","QUERY","IS_FRAME","IS_CACHE","MENU_TYPE","VISIBLE","STATUS","PERMS","ICON","CREATE_BY","CREATE_TIME","UPDATE_BY","UPDATE_TIME","REMARK") VALUES(1022,'岗位修改',104,3,'','','',1,0,'F','0','0','system:post:edit','#','admin','2023-06-29 10:05:28.000000','',null,'');
INSERT INTO "VUEDM"."SYS_MENU"("MENU_ID","MENU_NAME","PARENT_ID","ORDER_NUM","PATH","COMPONENT","QUERY","IS_FRAME","IS_CACHE","MENU_TYPE","VISIBLE","STATUS","PERMS","ICON","CREATE_BY","CREATE_TIME","UPDATE_BY","UPDATE_TIME","REMARK") VALUES(1023,'岗位删除',104,4,'','','',1,0,'F','0','0','system:post:remove','#','admin','2023-06-29 10:05:28.000000','',null,'');
INSERT INTO "VUEDM"."SYS_MENU"("MENU_ID","MENU_NAME","PARENT_ID","ORDER_NUM","PATH","COMPONENT","QUERY","IS_FRAME","IS_CACHE","MENU_TYPE","VISIBLE","STATUS","PERMS","ICON","CREATE_BY","CREATE_TIME","UPDATE_BY","UPDATE_TIME","REMARK") VALUES(1024,'岗位导出',104,5,'','','',1,0,'F','0','0','system:post:export','#','admin','2023-06-29 10:05:28.000000','',null,'');
INSERT INTO "VUEDM"."SYS_MENU"("MENU_ID","MENU_NAME","PARENT_ID","ORDER_NUM","PATH","COMPONENT","QUERY","IS_FRAME","IS_CACHE","MENU_TYPE","VISIBLE","STATUS","PERMS","ICON","CREATE_BY","CREATE_TIME","UPDATE_BY","UPDATE_TIME","REMARK") VALUES(1025,'字典查询',105,1,'#','','',1,0,'F','0','0','system:dict:query','#','admin','2023-06-29 10:05:28.000000','',null,'');
INSERT INTO "VUEDM"."SYS_MENU"("MENU_ID","MENU_NAME","PARENT_ID","ORDER_NUM","PATH","COMPONENT","QUERY","IS_FRAME","IS_CACHE","MENU_TYPE","VISIBLE","STATUS","PERMS","ICON","CREATE_BY","CREATE_TIME","UPDATE_BY","UPDATE_TIME","REMARK") VALUES(1026,'字典新增',105,2,'#','','',1,0,'F','0','0','system:dict:add','#','admin','2023-06-29 10:05:28.000000','',null,'');
INSERT INTO "VUEDM"."SYS_MENU"("MENU_ID","MENU_NAME","PARENT_ID","ORDER_NUM","PATH","COMPONENT","QUERY","IS_FRAME","IS_CACHE","MENU_TYPE","VISIBLE","STATUS","PERMS","ICON","CREATE_BY","CREATE_TIME","UPDATE_BY","UPDATE_TIME","REMARK") VALUES(1027,'字典修改',105,3,'#','','',1,0,'F','0','0','system:dict:edit','#','admin','2023-06-29 10:05:28.000000','',null,'');
INSERT INTO "VUEDM"."SYS_MENU"("MENU_ID","MENU_NAME","PARENT_ID","ORDER_NUM","PATH","COMPONENT","QUERY","IS_FRAME","IS_CACHE","MENU_TYPE","VISIBLE","STATUS","PERMS","ICON","CREATE_BY","CREATE_TIME","UPDATE_BY","UPDATE_TIME","REMARK") VALUES(1028,'字典删除',105,4,'#','','',1,0,'F','0','0','system:dict:remove','#','admin','2023-06-29 10:05:28.000000','',null,'');
INSERT INTO "VUEDM"."SYS_MENU"("MENU_ID","MENU_NAME","PARENT_ID","ORDER_NUM","PATH","COMPONENT","QUERY","IS_FRAME","IS_CACHE","MENU_TYPE","VISIBLE","STATUS","PERMS","ICON","CREATE_BY","CREATE_TIME","UPDATE_BY","UPDATE_TIME","REMARK") VALUES(1029,'字典导出',105,5,'#','','',1,0,'F','0','0','system:dict:export','#','admin','2023-06-29 10:05:28.000000','',null,'');
INSERT INTO "VUEDM"."SYS_MENU"("MENU_ID","MENU_NAME","PARENT_ID","ORDER_NUM","PATH","COMPONENT","QUERY","IS_FRAME","IS_CACHE","MENU_TYPE","VISIBLE","STATUS","PERMS","ICON","CREATE_BY","CREATE_TIME","UPDATE_BY","UPDATE_TIME","REMARK") VALUES(1030,'参数查询',106,1,'#','','',1,0,'F','0','0','system:config:query','#','admin','2023-06-29 10:05:28.000000','',null,'');
INSERT INTO "VUEDM"."SYS_MENU"("MENU_ID","MENU_NAME","PARENT_ID","ORDER_NUM","PATH","COMPONENT","QUERY","IS_FRAME","IS_CACHE","MENU_TYPE","VISIBLE","STATUS","PERMS","ICON","CREATE_BY","CREATE_TIME","UPDATE_BY","UPDATE_TIME","REMARK") VALUES(1031,'参数新增',106,2,'#','','',1,0,'F','0','0','system:config:add','#','admin','2023-06-29 10:05:28.000000','',null,'');
INSERT INTO "VUEDM"."SYS_MENU"("MENU_ID","MENU_NAME","PARENT_ID","ORDER_NUM","PATH","COMPONENT","QUERY","IS_FRAME","IS_CACHE","MENU_TYPE","VISIBLE","STATUS","PERMS","ICON","CREATE_BY","CREATE_TIME","UPDATE_BY","UPDATE_TIME","REMARK") VALUES(1032,'参数修改',106,3,'#','','',1,0,'F','0','0','system:config:edit','#','admin','2023-06-29 10:05:28.000000','',null,'');
INSERT INTO "VUEDM"."SYS_MENU"("MENU_ID","MENU_NAME","PARENT_ID","ORDER_NUM","PATH","COMPONENT","QUERY","IS_FRAME","IS_CACHE","MENU_TYPE","VISIBLE","STATUS","PERMS","ICON","CREATE_BY","CREATE_TIME","UPDATE_BY","UPDATE_TIME","REMARK") VALUES(1033,'参数删除',106,4,'#','','',1,0,'F','0','0','system:config:remove','#','admin','2023-06-29 10:05:28.000000','',null,'');
INSERT INTO "VUEDM"."SYS_MENU"("MENU_ID","MENU_NAME","PARENT_ID","ORDER_NUM","PATH","COMPONENT","QUERY","IS_FRAME","IS_CACHE","MENU_TYPE","VISIBLE","STATUS","PERMS","ICON","CREATE_BY","CREATE_TIME","UPDATE_BY","UPDATE_TIME","REMARK") VALUES(1034,'参数导出',106,5,'#','','',1,0,'F','0','0','system:config:export','#','admin','2023-06-29 10:05:28.000000','',null,'');
INSERT INTO "VUEDM"."SYS_MENU"("MENU_ID","MENU_NAME","PARENT_ID","ORDER_NUM","PATH","COMPONENT","QUERY","IS_FRAME","IS_CACHE","MENU_TYPE","VISIBLE","STATUS","PERMS","ICON","CREATE_BY","CREATE_TIME","UPDATE_BY","UPDATE_TIME","REMARK") VALUES(1035,'公告查询',107,1,'#','','',1,0,'F','0','0','system:notice:query','#','admin','2023-06-29 10:05:28.000000','',null,'');
INSERT INTO "VUEDM"."SYS_MENU"("MENU_ID","MENU_NAME","PARENT_ID","ORDER_NUM","PATH","COMPONENT","QUERY","IS_FRAME","IS_CACHE","MENU_TYPE","VISIBLE","STATUS","PERMS","ICON","CREATE_BY","CREATE_TIME","UPDATE_BY","UPDATE_TIME","REMARK") VALUES(1036,'公告新增',107,2,'#','','',1,0,'F','0','0','system:notice:add','#','admin','2023-06-29 10:05:28.000000','',null,'');
INSERT INTO "VUEDM"."SYS_MENU"("MENU_ID","MENU_NAME","PARENT_ID","ORDER_NUM","PATH","COMPONENT","QUERY","IS_FRAME","IS_CACHE","MENU_TYPE","VISIBLE","STATUS","PERMS","ICON","CREATE_BY","CREATE_TIME","UPDATE_BY","UPDATE_TIME","REMARK") VALUES(1037,'公告修改',107,3,'#','','',1,0,'F','0','0','system:notice:edit','#','admin','2023-06-29 10:05:28.000000','',null,'');
INSERT INTO "VUEDM"."SYS_MENU"("MENU_ID","MENU_NAME","PARENT_ID","ORDER_NUM","PATH","COMPONENT","QUERY","IS_FRAME","IS_CACHE","MENU_TYPE","VISIBLE","STATUS","PERMS","ICON","CREATE_BY","CREATE_TIME","UPDATE_BY","UPDATE_TIME","REMARK") VALUES(1038,'公告删除',107,4,'#','','',1,0,'F','0','0','system:notice:remove','#','admin','2023-06-29 10:05:28.000000','',null,'');
INSERT INTO "VUEDM"."SYS_MENU"("MENU_ID","MENU_NAME","PARENT_ID","ORDER_NUM","PATH","COMPONENT","QUERY","IS_FRAME","IS_CACHE","MENU_TYPE","VISIBLE","STATUS","PERMS","ICON","CREATE_BY","CREATE_TIME","UPDATE_BY","UPDATE_TIME","REMARK") VALUES(1039,'操作查询',500,1,'#','','',1,0,'F','0','0','monitor:operlog:query','#','admin','2023-06-29 10:05:28.000000','',null,'');
INSERT INTO "VUEDM"."SYS_MENU"("MENU_ID","MENU_NAME","PARENT_ID","ORDER_NUM","PATH","COMPONENT","QUERY","IS_FRAME","IS_CACHE","MENU_TYPE","VISIBLE","STATUS","PERMS","ICON","CREATE_BY","CREATE_TIME","UPDATE_BY","UPDATE_TIME","REMARK") VALUES(1040,'操作删除',500,2,'#','','',1,0,'F','0','0','monitor:operlog:remove','#','admin','2023-06-29 10:05:28.000000','',null,'');
INSERT INTO "VUEDM"."SYS_MENU"("MENU_ID","MENU_NAME","PARENT_ID","ORDER_NUM","PATH","COMPONENT","QUERY","IS_FRAME","IS_CACHE","MENU_TYPE","VISIBLE","STATUS","PERMS","ICON","CREATE_BY","CREATE_TIME","UPDATE_BY","UPDATE_TIME","REMARK") VALUES(1041,'日志导出',500,3,'#','','',1,0,'F','0','0','monitor:operlog:export','#','admin','2023-06-29 10:05:28.000000','',null,'');
INSERT INTO "VUEDM"."SYS_MENU"("MENU_ID","MENU_NAME","PARENT_ID","ORDER_NUM","PATH","COMPONENT","QUERY","IS_FRAME","IS_CACHE","MENU_TYPE","VISIBLE","STATUS","PERMS","ICON","CREATE_BY","CREATE_TIME","UPDATE_BY","UPDATE_TIME","REMARK") VALUES(1042,'登录查询',501,1,'#','','',1,0,'F','0','0','monitor:logininfor:query','#','admin','2023-06-29 10:05:28.000000','',null,'');
INSERT INTO "VUEDM"."SYS_MENU"("MENU_ID","MENU_NAME","PARENT_ID","ORDER_NUM","PATH","COMPONENT","QUERY","IS_FRAME","IS_CACHE","MENU_TYPE","VISIBLE","STATUS","PERMS","ICON","CREATE_BY","CREATE_TIME","UPDATE_BY","UPDATE_TIME","REMARK") VALUES(1043,'登录删除',501,2,'#','','',1,0,'F','0','0','monitor:logininfor:remove','#','admin','2023-06-29 10:05:28.000000','',null,'');
INSERT INTO "VUEDM"."SYS_MENU"("MENU_ID","MENU_NAME","PARENT_ID","ORDER_NUM","PATH","COMPONENT","QUERY","IS_FRAME","IS_CACHE","MENU_TYPE","VISIBLE","STATUS","PERMS","ICON","CREATE_BY","CREATE_TIME","UPDATE_BY","UPDATE_TIME","REMARK") VALUES(1044,'日志导出',501,3,'#','','',1,0,'F','0','0','monitor:logininfor:export','#','admin','2023-06-29 10:05:28.000000','',null,'');
INSERT INTO "VUEDM"."SYS_MENU"("MENU_ID","MENU_NAME","PARENT_ID","ORDER_NUM","PATH","COMPONENT","QUERY","IS_FRAME","IS_CACHE","MENU_TYPE","VISIBLE","STATUS","PERMS","ICON","CREATE_BY","CREATE_TIME","UPDATE_BY","UPDATE_TIME","REMARK") VALUES(1045,'账户解锁',501,4,'#','','',1,0,'F','0','0','monitor:logininfor:unlock','#','admin','2023-06-29 10:05:28.000000','',null,'');
INSERT INTO "VUEDM"."SYS_MENU"("MENU_ID","MENU_NAME","PARENT_ID","ORDER_NUM","PATH","COMPONENT","QUERY","IS_FRAME","IS_CACHE","MENU_TYPE","VISIBLE","STATUS","PERMS","ICON","CREATE_BY","CREATE_TIME","UPDATE_BY","UPDATE_TIME","REMARK") VALUES(1046,'在线查询',109,1,'#','','',1,0,'F','0','0','monitor:online:query','#','admin','2023-06-29 10:05:28.000000','',null,'');
INSERT INTO "VUEDM"."SYS_MENU"("MENU_ID","MENU_NAME","PARENT_ID","ORDER_NUM","PATH","COMPONENT","QUERY","IS_FRAME","IS_CACHE","MENU_TYPE","VISIBLE","STATUS","PERMS","ICON","CREATE_BY","CREATE_TIME","UPDATE_BY","UPDATE_TIME","REMARK") VALUES(1047,'批量强退',109,2,'#','','',1,0,'F','0','0','monitor:online:batchLogout','#','admin','2023-06-29 10:05:28.000000','',null,'');
INSERT INTO "VUEDM"."SYS_MENU"("MENU_ID","MENU_NAME","PARENT_ID","ORDER_NUM","PATH","COMPONENT","QUERY","IS_FRAME","IS_CACHE","MENU_TYPE","VISIBLE","STATUS","PERMS","ICON","CREATE_BY","CREATE_TIME","UPDATE_BY","UPDATE_TIME","REMARK") VALUES(1048,'单条强退',109,3,'#','','',1,0,'F','0','0','monitor:online:forceLogout','#','admin','2023-06-29 10:05:28.000000','',null,'');
INSERT INTO "VUEDM"."SYS_MENU"("MENU_ID","MENU_NAME","PARENT_ID","ORDER_NUM","PATH","COMPONENT","QUERY","IS_FRAME","IS_CACHE","MENU_TYPE","VISIBLE","STATUS","PERMS","ICON","CREATE_BY","CREATE_TIME","UPDATE_BY","UPDATE_TIME","REMARK") VALUES(1049,'任务查询',110,1,'#','','',1,0,'F','0','0','monitor:job:query','#','admin','2023-06-29 10:05:28.000000','',null,'');
INSERT INTO "VUEDM"."SYS_MENU"("MENU_ID","MENU_NAME","PARENT_ID","ORDER_NUM","PATH","COMPONENT","QUERY","IS_FRAME","IS_CACHE","MENU_TYPE","VISIBLE","STATUS","PERMS","ICON","CREATE_BY","CREATE_TIME","UPDATE_BY","UPDATE_TIME","REMARK") VALUES(1050,'任务新增',110,2,'#','','',1,0,'F','0','0','monitor:job:add','#','admin','2023-06-29 10:05:28.000000','',null,'');
INSERT INTO "VUEDM"."SYS_MENU"("MENU_ID","MENU_NAME","PARENT_ID","ORDER_NUM","PATH","COMPONENT","QUERY","IS_FRAME","IS_CACHE","MENU_TYPE","VISIBLE","STATUS","PERMS","ICON","CREATE_BY","CREATE_TIME","UPDATE_BY","UPDATE_TIME","REMARK") VALUES(1051,'任务修改',110,3,'#','','',1,0,'F','0','0','monitor:job:edit','#','admin','2023-06-29 10:05:28.000000','',null,'');
INSERT INTO "VUEDM"."SYS_MENU"("MENU_ID","MENU_NAME","PARENT_ID","ORDER_NUM","PATH","COMPONENT","QUERY","IS_FRAME","IS_CACHE","MENU_TYPE","VISIBLE","STATUS","PERMS","ICON","CREATE_BY","CREATE_TIME","UPDATE_BY","UPDATE_TIME","REMARK") VALUES(1052,'任务删除',110,4,'#','','',1,0,'F','0','0','monitor:job:remove','#','admin','2023-06-29 10:05:28.000000','',null,'');
INSERT INTO "VUEDM"."SYS_MENU"("MENU_ID","MENU_NAME","PARENT_ID","ORDER_NUM","PATH","COMPONENT","QUERY","IS_FRAME","IS_CACHE","MENU_TYPE","VISIBLE","STATUS","PERMS","ICON","CREATE_BY","CREATE_TIME","UPDATE_BY","UPDATE_TIME","REMARK") VALUES(1053,'状态修改',110,5,'#','','',1,0,'F','0','0','monitor:job:changeStatus','#','admin','2023-06-29 10:05:28.000000','',null,'');
INSERT INTO "VUEDM"."SYS_MENU"("MENU_ID","MENU_NAME","PARENT_ID","ORDER_NUM","PATH","COMPONENT","QUERY","IS_FRAME","IS_CACHE","MENU_TYPE","VISIBLE","STATUS","PERMS","ICON","CREATE_BY","CREATE_TIME","UPDATE_BY","UPDATE_TIME","REMARK") VALUES(1054,'任务导出',110,6,'#','','',1,0,'F','0','0','monitor:job:export','#','admin','2023-06-29 10:05:28.000000','',null,'');
INSERT INTO "VUEDM"."SYS_MENU"("MENU_ID","MENU_NAME","PARENT_ID","ORDER_NUM","PATH","COMPONENT","QUERY","IS_FRAME","IS_CACHE","MENU_TYPE","VISIBLE","STATUS","PERMS","ICON","CREATE_BY","CREATE_TIME","UPDATE_BY","UPDATE_TIME","REMARK") VALUES(1055,'生成查询',116,1,'#','','',1,0,'F','0','0','tool:gen:query','#','admin','2023-06-29 10:05:28.000000','',null,'');
INSERT INTO "VUEDM"."SYS_MENU"("MENU_ID","MENU_NAME","PARENT_ID","ORDER_NUM","PATH","COMPONENT","QUERY","IS_FRAME","IS_CACHE","MENU_TYPE","VISIBLE","STATUS","PERMS","ICON","CREATE_BY","CREATE_TIME","UPDATE_BY","UPDATE_TIME","REMARK") VALUES(1056,'生成修改',116,2,'#','','',1,0,'F','0','0','tool:gen:edit','#','admin','2023-06-29 10:05:28.000000','',null,'');
INSERT INTO "VUEDM"."SYS_MENU"("MENU_ID","MENU_NAME","PARENT_ID","ORDER_NUM","PATH","COMPONENT","QUERY","IS_FRAME","IS_CACHE","MENU_TYPE","VISIBLE","STATUS","PERMS","ICON","CREATE_BY","CREATE_TIME","UPDATE_BY","UPDATE_TIME","REMARK") VALUES(1057,'生成删除',116,3,'#','','',1,0,'F','0','0','tool:gen:remove','#','admin','2023-06-29 10:05:28.000000','',null,'');
INSERT INTO "VUEDM"."SYS_MENU"("MENU_ID","MENU_NAME","PARENT_ID","ORDER_NUM","PATH","COMPONENT","QUERY","IS_FRAME","IS_CACHE","MENU_TYPE","VISIBLE","STATUS","PERMS","ICON","CREATE_BY","CREATE_TIME","UPDATE_BY","UPDATE_TIME","REMARK") VALUES(1058,'导入代码',116,4,'#','','',1,0,'F','0','0','tool:gen:import','#','admin','2023-06-29 10:05:28.000000','',null,'');
INSERT INTO "VUEDM"."SYS_MENU"("MENU_ID","MENU_NAME","PARENT_ID","ORDER_NUM","PATH","COMPONENT","QUERY","IS_FRAME","IS_CACHE","MENU_TYPE","VISIBLE","STATUS","PERMS","ICON","CREATE_BY","CREATE_TIME","UPDATE_BY","UPDATE_TIME","REMARK") VALUES(1059,'预览代码',116,5,'#','','',1,0,'F','0','0','tool:gen:preview','#','admin','2023-06-29 10:05:28.000000','',null,'');
INSERT INTO "VUEDM"."SYS_MENU"("MENU_ID","MENU_NAME","PARENT_ID","ORDER_NUM","PATH","COMPONENT","QUERY","IS_FRAME","IS_CACHE","MENU_TYPE","VISIBLE","STATUS","PERMS","ICON","CREATE_BY","CREATE_TIME","UPDATE_BY","UPDATE_TIME","REMARK") VALUES(1060,'生成代码',116,6,'#','','',1,0,'F','0','0','tool:gen:code','#','admin','2023-06-29 10:05:28.000000','',null,'');

SET IDENTITY_INSERT "VUEDM"."SYS_MENU" OFF;
SET IDENTITY_INSERT "VUEDM"."SYS_NOTICE" ON;
INSERT INTO "VUEDM"."SYS_NOTICE"("NOTICE_ID","NOTICE_TITLE","NOTICE_TYPE","NOTICE_CONTENT","STATUS","CREATE_BY","CREATE_TIME","UPDATE_BY","UPDATE_TIME","REMARK") VALUES(1,'温馨提醒：2018-07-01 若依新版本发布啦','2',0x3C703EE696B0E78988E69CACE58685E5AEB93C2F703E,'0','admin','2023-06-29 10:05:32.000000','admin','2023-08-22 17:02:11.000000','管理员');
INSERT INTO "VUEDM"."SYS_NOTICE"("NOTICE_ID","NOTICE_TITLE","NOTICE_TYPE","NOTICE_CONTENT","STATUS","CREATE_BY","CREATE_TIME","UPDATE_BY","UPDATE_TIME","REMARK") VALUES(2,'维护通知：2018-07-01 若依系统凌晨维护','1',0xE7BBB4E68AA4E58685E5AEB9,'0','admin','2023-06-29 10:05:32.000000','admin','2023-07-24 17:06:15.000000','管理员');
INSERT INTO "VUEDM"."SYS_NOTICE"("NOTICE_ID","NOTICE_TITLE","NOTICE_TYPE","NOTICE_CONTENT","STATUS","CREATE_BY","CREATE_TIME","UPDATE_BY","UPDATE_TIME","REMARK") VALUES(5,'测试标题','2',0x3C703EE68DAEE6B58BE8AF95E4B88DE79FA5E98193E5AFB9E4B88DE5AFB9E695B0E68DAEE6B58BE8AF95E4B88DE79FA5E98193E5AFB9E4B88DE5AFB9E695B0E68DAEE6B58BE8AF95E4B88DE79FA5E98193E5AFB9E4B88DE5AFB9E695B0E68DAEE6B58BE8AF95E4B88DE79FA5E98193E5AFB9E4B88DE5AFB9E695B0E68DAEE6B58BE8AF95E4B88DE79FA5E98193E5AFB9E4B88DE5AFB9E695B0E68DAEE6B58BE8AF95E4B88DE79FA5E98193E5AFB9E4B88DE5AFB9E998BFE4B889E5A4A7E88B8FE68993E5AE9EE68993E5AE9EE5958AE5AE9EE68993E5AE9E3C696D67207372633D222F6465762D6170692F70726F66696C652F75706C6F61642F323032332F30382F32322F653366343834313233383931623963336436323039383766613337353562615F3230323330383232313730353139413030312E706E67223EE68DAEE6B58BE8AF95E4B88DE79FA5E98193E5AFB9E4B88DE5AFB9E695B0E68DAEE6B58BE8AF95E4B88DE79FA5E98193E5AFB9E4B88DE5AFB9E695B0E68DAEE6B58BE8AF95E4B88DE79FA5E98193E5AFB9E4B88DE5AFB9E695B0E68DAEE6B58BE8AF95E4B88DE79FA5E98193E5AFB9E4B88DE5AFB9E695B0E68DAEE6B58BE8AF95E4B88DE79FA5E98193E5AFB9E4B88DE5AFB9E695B0E68DAEE6B58BE8AF95E4B88DE79FA5E98193E5AFB9E4B88DE5AFB9E998BFE4B889E5A4A7E88B8FE68993E5AE9EE68993E5AE9EE5958AE5AE9EE68993E5AE9EE68DAEE6B58BE8AF95E4B88DE79FA5E98193E5AFB9E4B88DE5AFB9E695B0E68DAEE6B58BE8AF95E4B88DE79FA5E98193E5AFB9E4B88DE5AFB9E695B0E68DAEE6B58BE8AF95E4B88DE79FA5E98193E5AFB9E4B88DE5AFB9E695B0E68DAEE6B58BE8AF95E4B88DE79FA5E98193E5AFB9E4B88DE5AFB9E695B0E68DAEE6B58BE8AF95E4B88DE79FA5E98193E5AFB9E4B88DE5AFB9E695B0E68DAEE6B58BE8AF95E4B88DE79FA5E98193E5AFB9E4B88DE5AFB9E998BFE4B889E5A4A7E88B8FE68993E5AE9EE68993E5AE9EE5958AE5AE9EE68993E5AE9EE68DAEE6B58BE8AF95E4B88DE79FA5E98193E5AFB9E4B88DE5AFB9E695B0E68DAEE6B58BE8AF95E4B88DE79FA5E98193E5AFB9E4B88DE5AFB9E695B0E68DAEE6B58BE8AF95E4B88DE79FA5E98193E5AFB9E4B88DE5AFB9E695B0E68DAEE6B58BE8AF95E4B88DE79FA5E98193E5AFB9E4B88DE5AFB9E695B0E68DAEE6B58BE8AF95E4B88DE79FA5E98193E5AFB9E4B88DE5AFB9E695B0E68DAEE6B58BE8AF95E4B88DE79FA5E98193E5AFB9E4B88DE5AFB9E998BFE4B889E5A4A7E88B8FE68993E5AE9EE68993E5AE9EE5958AE5AE9EE68993E5AE9EE68DAEE6B58BE8AF95E4B88DE79FA5E98193E5AFB9E4B88DE5AFB9E695B0E68DAEE6B58BE8AF95E4B88DE79FA5E98193E5AFB9E4B88DE5AFB9E695B0E68DAEE6B58BE8AF95E4B88DE79FA5E98193E5AFB9E4B88DE5AFB9E695B0E68DAEE6B58BE8AF95E4B88DE79FA5E98193E5AFB9E4B88DE5AFB9E695B0E68DAEE6B58BE8AF95E4B88DE79FA5E98193E5AFB9E4B88DE5AFB9E695B0E68DAEE6B58BE8AF95E4B88DE79FA5E98193E5AFB9E4B88DE5AFB9E998BFE4B889E5A4A7E88B8FE68993E5AE9EE68993E5AE9EE5958AE5AE9EE68993E5AE9EE68DAEE6B58BE8AF95E4B88DE79FA5E98193E5AFB9E4B88DE5AFB9E695B0E68DAEE6B58BE8AF95E4B88DE79FA5E98193E5AFB9E4B88DE5AFB9E695B0E68DAEE6B58BE8AF95E4B88DE79FA5E98193E5AFB9E4B88DE5AFB9E695B0E68DAEE6B58BE8AF95E4B88DE79FA5E98193E5AFB9E4B88DE5AFB9E695B0E68DAEE6B58BE8AF95E4B88DE79FA5E98193E5AFB9E4B88DE5AFB9E695B0E68DAEE6B58BE8AF95E4B88DE79FA5E98193E5AFB9E4B88DE5AFB9E998BFE4B889E5A4A7E88B8FE68993E5AE9EE68993E5AE9EE5958AE5AE9EE68993E5AE9EE68DAEE6B58BE8AF95E4B88DE79FA5E98193E5AFB9E4B88DE5AFB9E695B0E68DAEE6B58BE8AF95E4B88DE79FA5E98193E5AFB9E4B88DE5AFB9E695B0E68DAEE6B58BE8AF95E4B88DE79FA5E98193E5AFB9E4B88DE5AFB9E695B0E68DAEE6B58BE8AF95E4B88DE79FA5E98193E5AFB9E4B88DE5AFB9E695B0E68DAEE6B58BE8AF95E4B88DE79FA5E98193E5AFB9E4B88DE5AFB9E695B0E68DAEE6B58BE8AF95E4B88DE79FA5E98193E5AFB9E4B88DE5AFB9E998BFE4B889E5A4A7E88B8FE68993E5AE9EE68993E5AE9EE5958AE5AE9EE68993E5AE9EE68DAEE6B58BE8AF95E4B88DE79FA5E98193E5AFB9E4B88DE5AFB9E695B0E68DAEE6B58BE8AF95E4B88DE79FA5E98193E5AFB9E4B88DE5AFB9E695B0E68DAEE6B58BE8AF95E4B88DE79FA5E98193E5AFB9E4B88DE5AFB9E695B0E68DAEE6B58BE8AF95E4B88DE79FA5E98193E5AFB9E4B88DE5AFB9E695B0E68DAEE6B58BE8AF95E4B88DE79FA5E98193E5AFB9E4B88DE5AFB9E695B0E68DAEE6B58BE8AF95E4B88DE79FA5E98193E5AFB9E4B88DE5AFB9E998BFE4B889E5A4A7E88B8FE68993E5AE9EE68993E5AE9EE5958AE5AE9EE68993E5AE9EE68DAEE6B58BE8AF95E4B88DE79FA5E98193E5AFB9E4B88DE5AFB9E695B0E68DAEE6B58BE8AF95E4B88DE79FA5E98193E5AFB9E4B88DE5AFB9E695B0E68DAEE6B58BE8AF95E4B88DE79FA5E98193E5AFB9E4B88DE5AFB9E695B0E68DAEE6B58BE8AF95E4B88DE79FA5E98193E5AFB9E4B88DE5AFB9E695B0E68DAEE6B58BE8AF95E4B88DE79FA5E98193E5AFB9E4B88DE5AFB9E695B0E68DAEE6B58BE8AF95E4B88DE79FA5E98193E5AFB9E4B88DE5AFB9E998BFE4B889E5A4A7E88B8FE68993E5AE9EE68993E5AE9EE5958AE5AE9EE68993E5AE9EE68DAEE6B58BE8AF95E4B88DE79FA5E98193E5AFB9E4B88DE5AFB9E695B0E68DAEE6B58BE8AF95E4B88DE79FA5E98193E5AFB9E4B88DE5AFB9E695B0E68DAEE6B58BE8AF95E4B88DE79FA5E98193E5AFB9E4B88DE5AFB9E695B0E68DAEE6B58BE8AF95E4B88DE79FA5E98193E5AFB9E4B88DE5AFB9E695B0E68DAEE6B58BE8AF95E4B88DE79FA5E98193E5AFB9E4B88DE5AFB9E695B0E68DAEE6B58BE8AF95E4B88DE79FA5E98193E5AFB9E4B88DE5AFB9E998BFE4B889E5A4A7E88B8FE68993E5AE9EE68993E5AE9EE5958AE5AE9EE68993E5AE9EE68DAEE6B58BE8AF95E4B88DE79FA5E98193E5AFB9E4B88DE5AFB9E695B0E68DAEE6B58BE8AF95E4B88DE79FA5E98193E5AFB9E4B88DE5AFB9E695B0E68DAEE6B58BE8AF95E4B88DE79FA5E98193E5AFB9E4B88DE5AFB9E695B0E68DAEE6B58BE8AF95E4B88DE79FA5E98193E5AFB9E4B88DE5AFB9E695B0E68DAEE6B58BE8AF95E4B88DE79FA5E98193E5AFB9E4B88DE5AFB9E695B0E68DAEE6B58BE8AF95E4B88DE79FA5E98193E5AFB9E4B88DE5AFB9E998BFE4B889E5A4A7E88B8FE68993E5AE9EE68993E5AE9EE5958AE5AE9EE68993E5AE9EE68DAEE6B58BE8AF95E4B88DE79FA5E98193E5AFB9E4B88DE5AFB9E695B0E68DAEE6B58BE8AF95E4B88DE79FA5E98193E5AFB9E4B88DE5AFB9E695B0E68DAEE6B58BE8AF95E4B88DE79FA5E98193E5AFB9E4B88DE5AFB9E695B0E68DAEE6B58BE8AF95E4B88DE79FA5E98193E5AFB9E4B88DE5AFB9E695B0E68DAEE6B58BE8AF95E4B88DE79FA5E98193E5AFB9E4B88DE5AFB9E695B0E68DAEE6B58BE8AF95E4B88DE79FA5E98193E5AFB9E4B88DE5AFB9E998BFE4B889E5A4A7E88B8FE68993E5AE9EE68993E5AE9EE5958AE5AE9EE68993E5AE9EE68DAEE6B58BE8AF95E4B88DE79FA5E98193E5AFB9E4B88DE5AFB9E695B0E68DAEE6B58BE8AF95E4B88DE79FA5E98193E5AFB9E4B88DE5AFB9E695B0E68DAEE6B58BE8AF95E4B88DE79FA5E98193E5AFB9E4B88DE5AFB9E695B0E68DAEE6B58BE8AF95E4B88DE79FA5E98193E5AFB9E4B88DE5AFB9E695B0E68DAEE6B58BE8AF95E4B88DE79FA5E98193E5AFB9E4B88DE5AFB9E695B0E68DAEE6B58BE8AF95E4B88DE79FA5E98193E5AFB9E4B88DE5AFB9E998BFE4B889E5A4A7E88B8FE68993E5AE9EE68993E5AE9EE5958AE5AE9EE68993E5AE9EE68DAEE6B58BE8AF95E4B88DE79FA5E98193E5AFB9E4B88DE5AFB9E695B0E68DAEE6B58BE8AF95E4B88DE79FA5E98193E5AFB9E4B88DE5AFB9E695B0E68DAEE6B58BE8AF95E4B88DE79FA5E98193E5AFB9E4B88DE5AFB9E695B0E68DAEE6B58BE8AF95E4B88DE79FA5E98193E5AFB9E4B88DE5AFB9E695B0E68DAEE6B58BE8AF95E4B88DE79FA5E98193E5AFB9E4B88DE5AFB9E695B0E68DAEE6B58BE8AF95E4B88DE79FA5E98193E5AFB9E4B88DE5AFB9E998BFE4B889E5A4A7E88B8FE68993E5AE9EE68993E5AE9EE5958AE5AE9EE68993E5AE9EE68DAEE6B58BE8AF95E4B88DE79FA5E98193E5AFB9E4B88DE5AFB9E695B0E68DAEE6B58BE8AF95E4B88DE79FA5E98193E5AFB9E4B88DE5AFB9E695B0E68DAEE6B58BE8AF95E4B88DE79FA5E98193E5AFB9E4B88DE5AFB9E695B0E68DAEE6B58BE8AF95E4B88DE79FA5E98193E5AFB9E4B88DE5AFB9E695B0E68DAEE6B58BE8AF95E4B88DE79FA5E98193E5AFB9E4B88DE5AFB9E695B0E68DAEE6B58BE8AF95E4B88DE79FA5E98193E5AFB9E4B88DE5AFB9E998BFE4B889E5A4A7E88B8FE68993E5AE9EE68993E5AE9EE5958AE5AE9EE68993E5AE9EE68DAEE6B58BE8AF95E4B88DE79FA5E98193E5AFB9E4B88DE5AFB9E695B0E68DAEE6B58BE8AF95E4B88DE79FA5E98193E5AFB9E4B88DE5AFB9E695B0E68DAEE6B58BE8AF95E4B88DE79FA5E98193E5AFB9E4B88DE5AFB9E695B0E68DAEE6B58BE8AF95E4B88DE79FA5E98193E5AFB9E4B88DE5AFB9E695B0E68DAEE6B58BE8AF95E4B88DE79FA5E98193E5AFB9E4B88DE5AFB9E695B0E68DAEE6B58BE8AF95E4B88DE79FA5E98193E5AFB9E4B88DE5AFB9E998BFE4B889E5A4A7E88B8FE68993E5AE9EE68993E5AE9EE5958AE5AE9EE68993E5AE9EE68DAEE6B58BE8AF95E4B88DE79FA5E98193E5AFB9E4B88DE5AFB9E695B0E68DAEE6B58BE8AF95E4B88DE79FA5E98193E5AFB9E4B88DE5AFB9E695B0E68DAEE6B58BE8AF95E4B88DE79FA5E98193E5AFB9E4B88DE5AFB9E695B0E68DAEE6B58BE8AF95E4B88DE79FA5E98193E5AFB9E4B88DE5AFB9E695B0E68DAEE6B58BE8AF95E4B88DE79FA5E98193E5AFB9E4B88DE5AFB9E695B0E68DAEE6B58BE8AF95E4B88DE79FA5E98193E5AFB9E4B88DE5AFB9E998BFE4B889E5A4A7E88B8FE68993E5AE9EE68993E5AE9EE5958AE5AE9EE68993E5AE9EE68DAEE6B58BE8AF95E4B88DE79FA5E98193E5AFB9E4B88DE5AFB9E695B0E68DAEE6B58BE8AF95E4B88DE79FA5E98193E5AFB9E4B88DE5AFB9E695B0E68DAEE6B58BE8AF95E4B88DE79FA5E98193E5AFB9E4B88DE5AFB9E695B0E68DAEE6B58BE8AF95E4B88DE79FA5E98193E5AFB9E4B88DE5AFB9E695B0E68DAEE6B58BE8AF95E4B88DE79FA5E98193E5AFB9E4B88DE5AFB9E695B0E68DAEE6B58BE8AF95E4B88DE79FA5E98193E5AFB9E4B88DE5AFB9E998BFE4B889E5A4A7E88B8FE68993E5AE9EE68993E5AE9EE5958AE5AE9EE68993E5AE9EE68DAEE6B58BE8AF95E4B88DE79FA5E98193E5AFB9E4B88DE5AFB9E695B0E68DAEE6B58BE8AF95E4B88DE79FA5E98193E5AFB9E4B88DE5AFB9E695B0E68DAEE6B58BE8AF95E4B88DE79FA5E98193E5AFB9E4B88DE5AFB9E695B0E68DAEE6B58BE8AF95E4B88DE79FA5E98193E5AFB9E4B88DE5AFB9E695B0E68DAEE6B58BE8AF95E4B88DE79FA5E98193E5AFB9E4B88DE5AFB9E695B0E68DAEE6B58BE8AF95E4B88DE79FA5E98193E5AFB9E4B88DE5AFB9E998BFE4B889E5A4A7E88B8FE68993E5AE9EE68993E5AE9EE5958AE5AE9EE68993E5AE9EE68DAEE6B58BE8AF95E4B88DE79FA5E98193E5AFB9E4B88DE5AFB9E695B0E68DAEE6B58BE8AF95E4B88DE79FA5E98193E5AFB9E4B88DE5AFB9E695B0E68DAEE6B58BE8AF95E4B88DE79FA5E98193E5AFB9E4B88DE5AFB9E695B0E68DAEE6B58BE8AF95E4B88DE79FA5E98193E5AFB9E4B88DE5AFB9E695B0E68DAEE6B58BE8AF95E4B88DE79FA5E98193E5AFB9E4B88DE5AFB9E695B0E68DAEE6B58BE8AF95E4B88DE79FA5E98193E5AFB9E4B88DE5AFB9E998BFE4B889E5A4A7E88B8FE68993E5AE9EE68993E5AE9EE5958AE5AE9EE68993E5AE9EE68DAEE6B58BE8AF95E4B88DE79FA5E98193E5AFB9E4B88DE5AFB9E695B0E68DAEE6B58BE8AF95E4B88DE79FA5E98193E5AFB9E4B88DE5AFB9E695B0E68DAEE6B58BE8AF95E4B88DE79FA5E98193E5AFB9E4B88DE5AFB9E695B0E68DAEE6B58BE8AF95E4B88DE79FA5E98193E5AFB9E4B88DE5AFB9E695B0E68DAEE6B58BE8AF95E4B88DE79FA5E98193E5AFB9E4B88DE5AFB9E695B0E68DAEE6B58BE8AF95E4B88DE79FA5E98193E5AFB9E4B88DE5AFB9E998BFE4B889E5A4A7E88B8FE68993E5AE9EE68993E5AE9EE5958AE5AE9EE68993E5AE9EE68DAEE6B58BE8AF95E4B88DE79FA5E98193E5AFB9E4B88DE5AFB9E695B0E68DAEE6B58BE8AF95E4B88DE79FA5E98193E5AFB9E4B88DE5AFB9E695B0E68DAEE6B58BE8AF95E4B88DE79FA5E98193E5AFB9E4B88DE5AFB9E695B0E68DAEE6B58BE8AF95E4B88DE79FA5E98193E5AFB9E4B88DE5AFB9E695B0E68DAEE6B58BE8AF95E4B88DE79FA5E98193E5AFB9E4B88DE5AFB9E695B0E68DAEE6B58BE8AF95E4B88DE79FA5E98193E5AFB9E4B88DE5AFB9E998BFE4B889E5A4A7E88B8FE68993E5AE9EE68993E5AE9EE5958AE5AE9EE68993E5AE9EE68DAEE6B58BE8AF95E4B88DE79FA5E98193E5AFB9E4B88DE5AFB9E695B0E68DAEE6B58BE8AF95E4B88DE79FA5E98193E5AFB9E4B88DE5AFB9E695B0E68DAEE6B58BE8AF95E4B88DE79FA5E98193E5AFB9E4B88DE5AFB9E695B0E68DAEE6B58BE8AF95E4B88DE79FA5E98193E5AFB9E4B88DE5AFB9E695B0E68DAEE6B58BE8AF95E4B88DE79FA5E98193E5AFB9E4B88DE5AFB9E695B0E68DAEE6B58BE8AF95E4B88DE79FA5E98193E5AFB9E4B88DE5AFB9E998BFE4B889E5A4A7E88B8FE68993E5AE9EE68993E5AE9EE5958AE5AE9EE68993E5AE9EE68DAEE6B58BE8AF95E4B88DE79FA5E98193E5AFB9E4B88DE5AFB9E695B0E68DAEE6B58BE8AF95E4B88DE79FA5E98193E5AFB9E4B88DE5AFB9E695B0E68DAEE6B58BE8AF95E4B88DE79FA5E98193E5AFB9E4B88DE5AFB9E695B0E68DAEE6B58BE8AF95E4B88DE79FA5E98193E5AFB9E4B88DE5AFB9E695B0E68DAEE6B58BE8AF95E4B88DE79FA5E98193E5AFB9E4B88DE5AFB9E695B0E68DAEE6B58BE8AF95E4B88DE79FA5E98193E5AFB9E4B88DE5AFB9E998BFE4B889E5A4A7E88B8FE68993E5AE9EE68993E5AE9EE5958AE5AE9EE68993E5AE9EE68DAEE6B58BE8AF95E4B88DE79FA5E98193E5AFB9E4B88DE5AFB9E695B0E68DAEE6B58BE8AF95E4B88DE79FA5E98193E5AFB9E4B88DE5AFB9E695B0E68DAEE6B58BE8AF95E4B88DE79FA5E98193E5AFB9E4B88DE5AFB9E695B0E68DAEE6B58BE8AF95E4B88DE79FA5E98193E5AFB9E4B88DE5AFB9E695B0E68DAEE6B58BE8AF95E4B88DE79FA5E98193E5AFB9E4B88DE5AFB9E695B0E68DAEE6B58BE8AF95E4B88DE79FA5E98193E5AFB9E4B88DE5AFB9E998BFE4B889E5A4A7E88B8FE68993E5AE9EE68993E5AE9EE5958AE5AE9EE68993E5AE9EE68DAEE6B58BE8AF95E4B88DE79FA5E98193E5AFB9E4B88DE5AFB9E695B0E68DAEE6B58BE8AF95E4B88DE79FA5E98193E5AFB9E4B88DE5AFB9E695B0E68DAEE6B58BE8AF95E4B88DE79FA5E98193E5AFB9E4B88DE5AFB9E695B0E68DAEE6B58BE8AF95E4B88DE79FA5E98193E5AFB9E4B88DE5AFB9E695B0E68DAEE6B58BE8AF95E4B88DE79FA5E98193E5AFB9E4B88DE5AFB9E695B0E68DAEE6B58BE8AF95E4B88DE79FA5E98193E5AFB9E4B88DE5AFB9E998BFE4B889E5A4A7E88B8FE68993E5AE9EE68993E5AE9EE5958AE5AE9EE68993E5AE9E4F5045525F504152414D3C7370616E207374796C653D22636F6C6F723A207267622837372C2037372C203737293B223E74657874E79A84E68993E7AE97E5A4A7E88B8FE689933C2F7370616E3E3C2F703E,'0','',null,'admin','2023-08-22 17:17:21.000000',null);

SET IDENTITY_INSERT "VUEDM"."SYS_NOTICE" OFF;
SET IDENTITY_INSERT "VUEDM"."SYS_OPER_LOG" ON;
INSERT INTO "VUEDM"."SYS_OPER_LOG"("OPER_ID","TITLE","BUSINESS_TYPE","METHOD","REQUEST_METHOD","OPERATOR_TYPE","OPER_NAME","DEPT_NAME","OPER_URL","OPER_IP","OPER_LOCATION","OPER_PARAM","JSON_RESULT","STATUS","ERROR_MSG","OPER_TIME","COST_TIME") VALUES(100,'通知公告',2,'com.ruoyi.web.controller.system.SysNoticeController.edit()','PUT',1,'admin',null,'/system/notice','127.0.0.1','内网IP','{"createBy":"","noticeContent":"<p>据测试不知道对不对数据测试不知道对不对数据测试不知道对不对数据测试不知道对不对数据测试不知道对不对数据测试不知道对不对阿三大苏打实打实啊实打实<img src=\"/dev-api/profile/upload/2023/08/22/e3f484123891b9c3d620987fa3755ba_20230822170519A001.png\">据测试不知道对不对数据测试不知道对不对数据测试不知道对不对数据测试不知道对不对数据测试不知道对不对数据测试不知道对不对阿三大苏打实打实啊实打实据测试不知道对不对数据测试不知道对不对数据测试不知道对不对数据测试不知道对不对数据测试不知道对不对数据测试不知道对不对阿三大苏打实打实啊实打实据测试不知道对不对数据测试不知道对不对数据测试不知道对不对数据测试不知道对不对数据测试不知道对不对数据测试不知道对不对阿三大苏打实打实啊实打实据测试不知道对不对数据测试不知道对不对数据测试不知道对不对数据测试不知道对不对数据测试不知道对不对数据测试不知道对不对阿三大苏打实打实啊实打实据测试不知道对不对数据测试不知道对不对数据测试不知道对不对数据测试不知道对不对数据测试不知道对不对数据测试不知道对不对阿三大苏打实打实啊实打实据测试不知道对不对数据测试不知道对不对数据测试不知道对不对数据测试不知道对不对数据测试不知道对不对数据测试不知道对不对阿三大苏打实打实啊实打实据测试不知道对不对数据测试不知道对不对数据测试不知道对不对数据测试不知道对不对数据测试不知道对不对数据测试不知道对不对阿三大苏打实打实啊实打实据测试不知道对不对数据测试不知道对不对数据测试不知道对不对数据测试不知道对不对数据测试不知道对不对数据测试不知道对不对阿三大苏打实打实啊实打实据测试不知道对不对数据测试不知道对不对数据测试不知道对不对数据测试不知道对不对数据测试不知道对不对数据测试不知道对不对阿三大苏打实打实啊实打实据测试不知道对不对数据测试不知道对不对数据测试不知道对不对数据测试不知道对不对数据测试不知道对不对数据测试不知道对不对阿三大苏打实打实啊实打实据测试不知道对不对数据测试不知道对不对数据测试不知道对不对数据测试不知道对不对数据测试不知道对不对数据测试不知道对不对阿三大苏打实打实啊实打实据测试不知道对不对数据测试不知道对不对数据测试不知道对不对数据测试不知道对不对数据测试不知道对不对数据测试不知道对不对阿三大苏打实打实啊实打实据测试不知道对不对数据测试不知道对不对数据测试不知道对不对数据测试不知道对不对数据测试不知道对不对数据测试不知道对不对阿三大苏打实打实啊实打实据测试不知道对不对数据测试不知道对不对数据测试不知道对不对数据测试不知道对不对数据测试不知道对不对数据测试不知道对不对阿三大苏打实打实啊实打实据测试不知道对不对数据测试不知道对不对数据测试不知道对不对数据测试不知道对不对数据测试不知道对不对数据测试不知道对不对阿三大苏打实打实啊实打实据测试不知道对不对数据测试不知道对不对数据测试不知道对不对数据测试不知道对不对数据测试不知道对不对数据测试不知道对不对阿三大苏打实打实啊实打实据测试不知道对不对数据测试不知道对不对数据测试不知道对不对数据测试不知道对不对数据测试不知道对不对数据测试不知道对不对阿三大苏打实打实啊实打实据测试不知道对不对数据测试不知道对不对数据测试不知道对不对数据测试不知道对不对数据测试不知道对不对数据测试不知道对不对阿三大苏打实打实啊实打实据测试不知道对不对数据测试不知道对不对数据测试不知道对不对数据测试不知道对不对数据测试不知道对不对数据测试不知道对不对阿三大苏打实打实啊实打实据测试不知道对不对数据测试不知道对不对数据测试不知道对不对数据测试不知道对不对数据测试不知道对不对数据测试不知道对不对阿三大苏打实打实啊实打实据测试不知道对不对数据测试不知道对不对数据测试不知道对不对数据测试不知道对不对数据测试不知道对不对数据测试不知道对不对阿三大苏打实打实啊实打实据测试不知道对不对数据测试不知道对不对数据测试不知道对不对数据测试不知道对不对数据测试不知道对不对数据测试不知道对不对阿三大苏打实打实啊实打实据测试不知道对不对数据测试不知道对不对数据测试不知道对不对数据测试不知道对不对数据测试不知道对不对数据测试不知道对不对阿三大苏打实打实啊实打实据测试不知道对不对数据测试不知道对不对数据测试不知道对不对数据测试不知道对不对数据测试不知道对不对数据测试不知道对不对阿三大苏打实打实啊实打实据测试不知道对不对数据测试不知道对不对数据测试不知道对不对数据测试不知道对不对数据测试不知道对不对数据测试不知道对不对阿三大苏打实打实啊实打实OPER_PARAM<span ','{"msg":"操作成功","code":200}',0,null,'2023-08-22 17:17:21.000000',5);
INSERT INTO "VUEDM"."SYS_OPER_LOG"("OPER_ID","TITLE","BUSINESS_TYPE","METHOD","REQUEST_METHOD","OPERATOR_TYPE","OPER_NAME","DEPT_NAME","OPER_URL","OPER_IP","OPER_LOCATION","OPER_PARAM","JSON_RESULT","STATUS","ERROR_MSG","OPER_TIME","COST_TIME") VALUES(101,'代码生成',6,'com.ruoyi.generator.controller.GenController.importTableSave()','POST',1,'admin',null,'/tool/gen/importTable','127.0.0.1','内网IP','{"tables":"DATA_TEST"}',null,1,'导入失败：
### Error querying database.  Cause: dm.jdbc.driver.DMException: 第3 行附近出现错误:
无效的模式名[INFORMATION_SCHEMA]
### The error may exist in file [E:\work\RuoYi-Vue-master-DM\ruoyi-generator\target\classes\mapper\generator\GenTableColumnMapper.xml]
### The error may involve com.ruoyi.generator.mapper.GenTableColumnMapper.selectDbTableColumnsByName
### The error occurred while executing a query
### SQL: select column_name, (case when (is_nullable = ''no''   &&   column_key != ''PRI'') then ''1'' else null end) as is_required, (case when column_key = ''PRI'' then ''1'' else ''0'' end) as is_pk, ordinal_position as sort, column_comment, (case when extra = ''auto_increment'' then ''1'' else ''0'' end) as is_increment, column_type   from information_schema.columns where table_schema = (select database()) and table_name = (?)   order by ordinal_position
### Cause: dm.jdbc.driver.DMException: 第3 行附近出现错误:
无效的模式名[INFORMATION_SCHEMA]
; uncategorized SQLException; SQL state [3F000]; error code [-2103]; 第3 行附近出现错误:
无效的模式名[INFORMATION_SCHEMA]; nested exception is dm.jdbc.driver.DMException: 第3 行附近出现错误:
无效的模式名[INFORMATION_SCHEMA]','2023-08-23 09:41:13.000000',146);
INSERT INTO "VUEDM"."SYS_OPER_LOG"("OPER_ID","TITLE","BUSINESS_TYPE","METHOD","REQUEST_METHOD","OPERATOR_TYPE","OPER_NAME","DEPT_NAME","OPER_URL","OPER_IP","OPER_LOCATION","OPER_PARAM","JSON_RESULT","STATUS","ERROR_MSG","OPER_TIME","COST_TIME") VALUES(102,'代码生成',6,'com.ruoyi.generator.controller.GenController.importTableSave()','POST',1,'admin',null,'/tool/gen/importTable','127.0.0.1','内网IP','{"tables":"DATA_TEST"}',null,1,'导入失败：nested exception is org.apache.ibatis.type.TypeException: Could not set parameters for mapping: ParameterMapping{property=''tableName'', mode=IN, javaType=class java.lang.String, jdbcType=null, numericScale=null, resultMapId=''null'', jdbcTypeName=''null'', expression=''null''}. Cause: org.apache.ibatis.type.TypeException: Error setting non null for parameter #3 with JdbcType null . Try setting a different JdbcType for this parameter or a different configuration property. Cause: dm.jdbc.driver.DMException: 序列号无效','2023-08-23 10:35:18.000000',76);
INSERT INTO "VUEDM"."SYS_OPER_LOG"("OPER_ID","TITLE","BUSINESS_TYPE","METHOD","REQUEST_METHOD","OPERATOR_TYPE","OPER_NAME","DEPT_NAME","OPER_URL","OPER_IP","OPER_LOCATION","OPER_PARAM","JSON_RESULT","STATUS","ERROR_MSG","OPER_TIME","COST_TIME") VALUES(103,'代码生成',6,'com.ruoyi.generator.controller.GenController.importTableSave()','POST',1,'admin',null,'/tool/gen/importTable','127.0.0.1','内网IP','{"tables":"DATA_TEST"}',null,1,'导入失败：nested exception is org.apache.ibatis.type.TypeException: Could not set parameters for mapping: ParameterMapping{property=''tableName'', mode=IN, javaType=class java.lang.String, jdbcType=null, numericScale=null, resultMapId=''null'', jdbcTypeName=''null'', expression=''null''}. Cause: org.apache.ibatis.type.TypeException: Error setting non null for parameter #3 with JdbcType null . Try setting a different JdbcType for this parameter or a different configuration property. Cause: dm.jdbc.driver.DMException: 序列号无效','2023-08-23 10:39:07.000000',78);
INSERT INTO "VUEDM"."SYS_OPER_LOG"("OPER_ID","TITLE","BUSINESS_TYPE","METHOD","REQUEST_METHOD","OPERATOR_TYPE","OPER_NAME","DEPT_NAME","OPER_URL","OPER_IP","OPER_LOCATION","OPER_PARAM","JSON_RESULT","STATUS","ERROR_MSG","OPER_TIME","COST_TIME") VALUES(104,'代码生成',6,'com.ruoyi.generator.controller.GenController.importTableSave()','POST',1,'admin',null,'/tool/gen/importTable','127.0.0.1','内网IP','{"tables":"DATA_TEST"}',null,1,'导入失败：nested exception is org.apache.ibatis.type.TypeException: Could not set parameters for mapping: ParameterMapping{property=''tableName'', mode=IN, javaType=class java.lang.String, jdbcType=null, numericScale=null, resultMapId=''null'', jdbcTypeName=''null'', expression=''null''}. Cause: org.apache.ibatis.type.TypeException: Error setting non null for parameter #3 with JdbcType null . Try setting a different JdbcType for this parameter or a different configuration property. Cause: dm.jdbc.driver.DMException: 序列号无效','2023-08-23 10:39:49.000000',40);
INSERT INTO "VUEDM"."SYS_OPER_LOG"("OPER_ID","TITLE","BUSINESS_TYPE","METHOD","REQUEST_METHOD","OPERATOR_TYPE","OPER_NAME","DEPT_NAME","OPER_URL","OPER_IP","OPER_LOCATION","OPER_PARAM","JSON_RESULT","STATUS","ERROR_MSG","OPER_TIME","COST_TIME") VALUES(105,'代码生成',6,'com.ruoyi.generator.controller.GenController.importTableSave()','POST',1,'admin',null,'/tool/gen/importTable','127.0.0.1','内网IP','{"tables":"DATA_TEST"}','{"msg":"操作成功","code":200}',0,null,'2023-08-23 10:40:54.000000',165);
INSERT INTO "VUEDM"."SYS_OPER_LOG"("OPER_ID","TITLE","BUSINESS_TYPE","METHOD","REQUEST_METHOD","OPERATOR_TYPE","OPER_NAME","DEPT_NAME","OPER_URL","OPER_IP","OPER_LOCATION","OPER_PARAM","JSON_RESULT","STATUS","ERROR_MSG","OPER_TIME","COST_TIME") VALUES(106,'代码生成',3,'com.ruoyi.generator.controller.GenController.remove()','DELETE',1,'admin',null,'/tool/gen/5','127.0.0.1','内网IP','{}','{"msg":"操作成功","code":200}',0,null,'2023-08-23 10:43:10.000000',54);
INSERT INTO "VUEDM"."SYS_OPER_LOG"("OPER_ID","TITLE","BUSINESS_TYPE","METHOD","REQUEST_METHOD","OPERATOR_TYPE","OPER_NAME","DEPT_NAME","OPER_URL","OPER_IP","OPER_LOCATION","OPER_PARAM","JSON_RESULT","STATUS","ERROR_MSG","OPER_TIME","COST_TIME") VALUES(107,'代码生成',6,'com.ruoyi.generator.controller.GenController.importTableSave()','POST',1,'admin',null,'/tool/gen/importTable','127.0.0.1','内网IP','{"tables":"DATA_TEST"}','{"msg":"操作成功","code":200}',0,null,'2023-08-23 10:43:14.000000',88);
INSERT INTO "VUEDM"."SYS_OPER_LOG"("OPER_ID","TITLE","BUSINESS_TYPE","METHOD","REQUEST_METHOD","OPERATOR_TYPE","OPER_NAME","DEPT_NAME","OPER_URL","OPER_IP","OPER_LOCATION","OPER_PARAM","JSON_RESULT","STATUS","ERROR_MSG","OPER_TIME","COST_TIME") VALUES(108,'代码生成',3,'com.ruoyi.generator.controller.GenController.remove()','DELETE',1,'admin',null,'/tool/gen/6','127.0.0.1','内网IP','{}','{"msg":"操作成功","code":200}',0,null,'2023-08-23 10:47:35.000000',13);
INSERT INTO "VUEDM"."SYS_OPER_LOG"("OPER_ID","TITLE","BUSINESS_TYPE","METHOD","REQUEST_METHOD","OPERATOR_TYPE","OPER_NAME","DEPT_NAME","OPER_URL","OPER_IP","OPER_LOCATION","OPER_PARAM","JSON_RESULT","STATUS","ERROR_MSG","OPER_TIME","COST_TIME") VALUES(109,'代码生成',6,'com.ruoyi.generator.controller.GenController.importTableSave()','POST',1,'admin',null,'/tool/gen/importTable','127.0.0.1','内网IP','{"tables":"data_test"}','{"msg":"操作成功","code":200}',0,null,'2023-08-23 10:47:41.000000',50);
INSERT INTO "VUEDM"."SYS_OPER_LOG"("OPER_ID","TITLE","BUSINESS_TYPE","METHOD","REQUEST_METHOD","OPERATOR_TYPE","OPER_NAME","DEPT_NAME","OPER_URL","OPER_IP","OPER_LOCATION","OPER_PARAM","JSON_RESULT","STATUS","ERROR_MSG","OPER_TIME","COST_TIME") VALUES(110,'代码生成',6,'com.ruoyi.generator.controller.GenController.importTableSave()','POST',1,'admin',null,'/tool/gen/importTable','127.0.0.1','内网IP','{"tables":"data_test"}','{"msg":"操作成功","code":200}',0,null,'2023-08-23 10:52:02.000000',84);
INSERT INTO "VUEDM"."SYS_OPER_LOG"("OPER_ID","TITLE","BUSINESS_TYPE","METHOD","REQUEST_METHOD","OPERATOR_TYPE","OPER_NAME","DEPT_NAME","OPER_URL","OPER_IP","OPER_LOCATION","OPER_PARAM","JSON_RESULT","STATUS","ERROR_MSG","OPER_TIME","COST_TIME") VALUES(111,'代码生成',6,'com.ruoyi.generator.controller.GenController.importTableSave()','POST',1,'admin',null,'/tool/gen/importTable','127.0.0.1','内网IP','{"tables":"data_test"}','{"msg":"操作成功","code":200}',0,null,'2023-08-23 10:53:35.000000',44);
INSERT INTO "VUEDM"."SYS_OPER_LOG"("OPER_ID","TITLE","BUSINESS_TYPE","METHOD","REQUEST_METHOD","OPERATOR_TYPE","OPER_NAME","DEPT_NAME","OPER_URL","OPER_IP","OPER_LOCATION","OPER_PARAM","JSON_RESULT","STATUS","ERROR_MSG","OPER_TIME","COST_TIME") VALUES(112,'代码生成',6,'com.ruoyi.generator.controller.GenController.importTableSave()','POST',1,'admin',null,'/tool/gen/importTable','127.0.0.1','内网IP','{"tables":"data_test"}','{"msg":"操作成功","code":200}',0,null,'2023-08-23 10:59:27.000000',91);
INSERT INTO "VUEDM"."SYS_OPER_LOG"("OPER_ID","TITLE","BUSINESS_TYPE","METHOD","REQUEST_METHOD","OPERATOR_TYPE","OPER_NAME","DEPT_NAME","OPER_URL","OPER_IP","OPER_LOCATION","OPER_PARAM","JSON_RESULT","STATUS","ERROR_MSG","OPER_TIME","COST_TIME") VALUES(113,'代码生成',3,'com.ruoyi.generator.controller.GenController.remove()','DELETE',1,'admin',null,'/tool/gen/9','127.0.0.1','内网IP','{}','{"msg":"操作成功","code":200}',0,null,'2023-08-23 11:01:16.000000',7);
INSERT INTO "VUEDM"."SYS_OPER_LOG"("OPER_ID","TITLE","BUSINESS_TYPE","METHOD","REQUEST_METHOD","OPERATOR_TYPE","OPER_NAME","DEPT_NAME","OPER_URL","OPER_IP","OPER_LOCATION","OPER_PARAM","JSON_RESULT","STATUS","ERROR_MSG","OPER_TIME","COST_TIME") VALUES(114,'代码生成',6,'com.ruoyi.generator.controller.GenController.importTableSave()','POST',1,'admin',null,'/tool/gen/importTable','127.0.0.1','内网IP','{"tables":"data_test"}','{"msg":"操作成功","code":200}',0,null,'2023-08-23 11:04:54.000000',96);
INSERT INTO "VUEDM"."SYS_OPER_LOG"("OPER_ID","TITLE","BUSINESS_TYPE","METHOD","REQUEST_METHOD","OPERATOR_TYPE","OPER_NAME","DEPT_NAME","OPER_URL","OPER_IP","OPER_LOCATION","OPER_PARAM","JSON_RESULT","STATUS","ERROR_MSG","OPER_TIME","COST_TIME") VALUES(115,'代码生成',3,'com.ruoyi.generator.controller.GenController.remove()','DELETE',1,'admin',null,'/tool/gen/10','127.0.0.1','内网IP','{}','{"msg":"操作成功","code":200}',0,null,'2023-08-23 11:11:13.000000',16);
INSERT INTO "VUEDM"."SYS_OPER_LOG"("OPER_ID","TITLE","BUSINESS_TYPE","METHOD","REQUEST_METHOD","OPERATOR_TYPE","OPER_NAME","DEPT_NAME","OPER_URL","OPER_IP","OPER_LOCATION","OPER_PARAM","JSON_RESULT","STATUS","ERROR_MSG","OPER_TIME","COST_TIME") VALUES(116,'代码生成',6,'com.ruoyi.generator.controller.GenController.importTableSave()','POST',1,'admin',null,'/tool/gen/importTable','127.0.0.1','内网IP','{"tables":"data_test"}','{"msg":"操作成功","code":200}',0,null,'2023-08-23 11:11:17.000000',72);
INSERT INTO "VUEDM"."SYS_OPER_LOG"("OPER_ID","TITLE","BUSINESS_TYPE","METHOD","REQUEST_METHOD","OPERATOR_TYPE","OPER_NAME","DEPT_NAME","OPER_URL","OPER_IP","OPER_LOCATION","OPER_PARAM","JSON_RESULT","STATUS","ERROR_MSG","OPER_TIME","COST_TIME") VALUES(117,'代码生成',3,'com.ruoyi.generator.controller.GenController.remove()','DELETE',1,'admin',null,'/tool/gen/11','127.0.0.1','内网IP','{}','{"msg":"操作成功","code":200}',0,null,'2023-08-23 11:14:31.000000',15);
INSERT INTO "VUEDM"."SYS_OPER_LOG"("OPER_ID","TITLE","BUSINESS_TYPE","METHOD","REQUEST_METHOD","OPERATOR_TYPE","OPER_NAME","DEPT_NAME","OPER_URL","OPER_IP","OPER_LOCATION","OPER_PARAM","JSON_RESULT","STATUS","ERROR_MSG","OPER_TIME","COST_TIME") VALUES(118,'代码生成',6,'com.ruoyi.generator.controller.GenController.importTableSave()','POST',1,'admin',null,'/tool/gen/importTable','127.0.0.1','内网IP','{"tables":"data_test"}','{"msg":"操作成功","code":200}',0,null,'2023-08-23 11:14:35.000000',82);
INSERT INTO "VUEDM"."SYS_OPER_LOG"("OPER_ID","TITLE","BUSINESS_TYPE","METHOD","REQUEST_METHOD","OPERATOR_TYPE","OPER_NAME","DEPT_NAME","OPER_URL","OPER_IP","OPER_LOCATION","OPER_PARAM","JSON_RESULT","STATUS","ERROR_MSG","OPER_TIME","COST_TIME") VALUES(119,'代码生成',3,'com.ruoyi.generator.controller.GenController.remove()','DELETE',1,'admin',null,'/tool/gen/12','127.0.0.1','内网IP','{}','{"msg":"操作成功","code":200}',0,null,'2023-08-23 11:16:39.000000',5);
INSERT INTO "VUEDM"."SYS_OPER_LOG"("OPER_ID","TITLE","BUSINESS_TYPE","METHOD","REQUEST_METHOD","OPERATOR_TYPE","OPER_NAME","DEPT_NAME","OPER_URL","OPER_IP","OPER_LOCATION","OPER_PARAM","JSON_RESULT","STATUS","ERROR_MSG","OPER_TIME","COST_TIME") VALUES(120,'代码生成',6,'com.ruoyi.generator.controller.GenController.importTableSave()','POST',1,'admin',null,'/tool/gen/importTable','127.0.0.1','内网IP','{"tables":"data_test"}','{"msg":"操作成功","code":200}',0,null,'2023-08-23 11:47:33.000000',122);
INSERT INTO "VUEDM"."SYS_OPER_LOG"("OPER_ID","TITLE","BUSINESS_TYPE","METHOD","REQUEST_METHOD","OPERATOR_TYPE","OPER_NAME","DEPT_NAME","OPER_URL","OPER_IP","OPER_LOCATION","OPER_PARAM","JSON_RESULT","STATUS","ERROR_MSG","OPER_TIME","COST_TIME") VALUES(121,'代码生成',3,'com.ruoyi.generator.controller.GenController.remove()','DELETE',1,'admin',null,'/tool/gen/13','127.0.0.1','内网IP','{}','{"msg":"操作成功","code":200}',0,null,'2023-08-23 11:51:01.000000',15);
INSERT INTO "VUEDM"."SYS_OPER_LOG"("OPER_ID","TITLE","BUSINESS_TYPE","METHOD","REQUEST_METHOD","OPERATOR_TYPE","OPER_NAME","DEPT_NAME","OPER_URL","OPER_IP","OPER_LOCATION","OPER_PARAM","JSON_RESULT","STATUS","ERROR_MSG","OPER_TIME","COST_TIME") VALUES(122,'代码生成',6,'com.ruoyi.generator.controller.GenController.importTableSave()','POST',1,'admin',null,'/tool/gen/importTable','127.0.0.1','内网IP','{"tables":"data_test"}','{"msg":"操作成功","code":200}',0,null,'2023-08-23 11:51:07.000000',122);
INSERT INTO "VUEDM"."SYS_OPER_LOG"("OPER_ID","TITLE","BUSINESS_TYPE","METHOD","REQUEST_METHOD","OPERATOR_TYPE","OPER_NAME","DEPT_NAME","OPER_URL","OPER_IP","OPER_LOCATION","OPER_PARAM","JSON_RESULT","STATUS","ERROR_MSG","OPER_TIME","COST_TIME") VALUES(123,'代码生成',8,'com.ruoyi.generator.controller.GenController.batchGenCode()','GET',1,'admin',null,'/tool/gen/batchGenCode','127.0.0.1','内网IP','{"tables":"data_test"}',null,1,'','2023-08-23 11:53:28.000000',20);
INSERT INTO "VUEDM"."SYS_OPER_LOG"("OPER_ID","TITLE","BUSINESS_TYPE","METHOD","REQUEST_METHOD","OPERATOR_TYPE","OPER_NAME","DEPT_NAME","OPER_URL","OPER_IP","OPER_LOCATION","OPER_PARAM","JSON_RESULT","STATUS","ERROR_MSG","OPER_TIME","COST_TIME") VALUES(124,'代码生成',8,'com.ruoyi.generator.controller.GenController.batchGenCode()','GET',1,'admin',null,'/tool/gen/batchGenCode','127.0.0.1','内网IP','{"tables":"data_test"}',null,1,'','2023-08-23 11:54:00.000000',7);
INSERT INTO "VUEDM"."SYS_OPER_LOG"("OPER_ID","TITLE","BUSINESS_TYPE","METHOD","REQUEST_METHOD","OPERATOR_TYPE","OPER_NAME","DEPT_NAME","OPER_URL","OPER_IP","OPER_LOCATION","OPER_PARAM","JSON_RESULT","STATUS","ERROR_MSG","OPER_TIME","COST_TIME") VALUES(125,'代码生成',8,'com.ruoyi.generator.controller.GenController.batchGenCode()','GET',1,'admin',null,'/tool/gen/batchGenCode','127.0.0.1','内网IP','{"tables":"data_test"}',null,0,null,'2023-08-23 11:56:43.000000',112);
INSERT INTO "VUEDM"."SYS_OPER_LOG"("OPER_ID","TITLE","BUSINESS_TYPE","METHOD","REQUEST_METHOD","OPERATOR_TYPE","OPER_NAME","DEPT_NAME","OPER_URL","OPER_IP","OPER_LOCATION","OPER_PARAM","JSON_RESULT","STATUS","ERROR_MSG","OPER_TIME","COST_TIME") VALUES(126,'代码生成',8,'com.ruoyi.generator.controller.GenController.batchGenCode()','GET',1,'admin',null,'/tool/gen/batchGenCode','127.0.0.1','内网IP','{"tables":"data_test"}',null,0,null,'2023-08-23 11:56:48.000000',116);

SET IDENTITY_INSERT "VUEDM"."SYS_OPER_LOG" OFF;
SET IDENTITY_INSERT "VUEDM"."SYS_POST" ON;
INSERT INTO "VUEDM"."SYS_POST"("POST_ID","POST_CODE","POST_NAME","POST_SORT","STATUS","CREATE_BY","CREATE_TIME","UPDATE_BY","UPDATE_TIME","REMARK") VALUES(1,'ceo','董事长',1,'0','admin','2023-06-29 10:05:27.000000','',null,'');
INSERT INTO "VUEDM"."SYS_POST"("POST_ID","POST_CODE","POST_NAME","POST_SORT","STATUS","CREATE_BY","CREATE_TIME","UPDATE_BY","UPDATE_TIME","REMARK") VALUES(2,'se','项目经理',2,'0','admin','2023-06-29 10:05:27.000000','',null,'');
INSERT INTO "VUEDM"."SYS_POST"("POST_ID","POST_CODE","POST_NAME","POST_SORT","STATUS","CREATE_BY","CREATE_TIME","UPDATE_BY","UPDATE_TIME","REMARK") VALUES(3,'hr','人力资源',3,'0','admin','2023-06-29 10:05:27.000000','',null,'');
INSERT INTO "VUEDM"."SYS_POST"("POST_ID","POST_CODE","POST_NAME","POST_SORT","STATUS","CREATE_BY","CREATE_TIME","UPDATE_BY","UPDATE_TIME","REMARK") VALUES(4,'user','普通员工',4,'0','admin','2023-06-29 10:05:27.000000','',null,'');

SET IDENTITY_INSERT "VUEDM"."SYS_POST" OFF;
SET IDENTITY_INSERT "VUEDM"."SYS_ROLE" ON;
INSERT INTO "VUEDM"."SYS_ROLE"("ROLE_ID","ROLE_NAME","ROLE_KEY","ROLE_SORT","DATA_SCOPE","MENU_CHECK_STRICTLY","DEPT_CHECK_STRICTLY","STATUS","DEL_FLAG","CREATE_BY","CREATE_TIME","UPDATE_BY","UPDATE_TIME","REMARK") VALUES(1,'超级管理员','admin',1,'1',1,1,'0','0','admin','2023-06-29 10:05:28.000000','',null,'超级管理员');
INSERT INTO "VUEDM"."SYS_ROLE"("ROLE_ID","ROLE_NAME","ROLE_KEY","ROLE_SORT","DATA_SCOPE","MENU_CHECK_STRICTLY","DEPT_CHECK_STRICTLY","STATUS","DEL_FLAG","CREATE_BY","CREATE_TIME","UPDATE_BY","UPDATE_TIME","REMARK") VALUES(2,'普通角色','common',2,'2',1,1,'0','0','admin','2023-06-29 10:05:28.000000','',null,'普通角色');

SET IDENTITY_INSERT "VUEDM"."SYS_ROLE" OFF;
INSERT INTO "VUEDM"."SYS_ROLE_DEPT"("ROLE_ID","DEPT_ID") VALUES(2,100);
INSERT INTO "VUEDM"."SYS_ROLE_DEPT"("ROLE_ID","DEPT_ID") VALUES(2,101);
INSERT INTO "VUEDM"."SYS_ROLE_DEPT"("ROLE_ID","DEPT_ID") VALUES(2,105);

INSERT INTO "VUEDM"."SYS_ROLE_MENU"("ROLE_ID","MENU_ID") VALUES(2,1);
INSERT INTO "VUEDM"."SYS_ROLE_MENU"("ROLE_ID","MENU_ID") VALUES(2,2);
INSERT INTO "VUEDM"."SYS_ROLE_MENU"("ROLE_ID","MENU_ID") VALUES(2,3);
INSERT INTO "VUEDM"."SYS_ROLE_MENU"("ROLE_ID","MENU_ID") VALUES(2,4);
INSERT INTO "VUEDM"."SYS_ROLE_MENU"("ROLE_ID","MENU_ID") VALUES(2,100);
INSERT INTO "VUEDM"."SYS_ROLE_MENU"("ROLE_ID","MENU_ID") VALUES(2,101);
INSERT INTO "VUEDM"."SYS_ROLE_MENU"("ROLE_ID","MENU_ID") VALUES(2,102);
INSERT INTO "VUEDM"."SYS_ROLE_MENU"("ROLE_ID","MENU_ID") VALUES(2,103);
INSERT INTO "VUEDM"."SYS_ROLE_MENU"("ROLE_ID","MENU_ID") VALUES(2,104);
INSERT INTO "VUEDM"."SYS_ROLE_MENU"("ROLE_ID","MENU_ID") VALUES(2,105);
INSERT INTO "VUEDM"."SYS_ROLE_MENU"("ROLE_ID","MENU_ID") VALUES(2,106);
INSERT INTO "VUEDM"."SYS_ROLE_MENU"("ROLE_ID","MENU_ID") VALUES(2,107);
INSERT INTO "VUEDM"."SYS_ROLE_MENU"("ROLE_ID","MENU_ID") VALUES(2,108);
INSERT INTO "VUEDM"."SYS_ROLE_MENU"("ROLE_ID","MENU_ID") VALUES(2,109);
INSERT INTO "VUEDM"."SYS_ROLE_MENU"("ROLE_ID","MENU_ID") VALUES(2,110);
INSERT INTO "VUEDM"."SYS_ROLE_MENU"("ROLE_ID","MENU_ID") VALUES(2,111);
INSERT INTO "VUEDM"."SYS_ROLE_MENU"("ROLE_ID","MENU_ID") VALUES(2,112);
INSERT INTO "VUEDM"."SYS_ROLE_MENU"("ROLE_ID","MENU_ID") VALUES(2,113);
INSERT INTO "VUEDM"."SYS_ROLE_MENU"("ROLE_ID","MENU_ID") VALUES(2,114);
INSERT INTO "VUEDM"."SYS_ROLE_MENU"("ROLE_ID","MENU_ID") VALUES(2,115);
INSERT INTO "VUEDM"."SYS_ROLE_MENU"("ROLE_ID","MENU_ID") VALUES(2,116);
INSERT INTO "VUEDM"."SYS_ROLE_MENU"("ROLE_ID","MENU_ID") VALUES(2,117);
INSERT INTO "VUEDM"."SYS_ROLE_MENU"("ROLE_ID","MENU_ID") VALUES(2,500);
INSERT INTO "VUEDM"."SYS_ROLE_MENU"("ROLE_ID","MENU_ID") VALUES(2,501);
INSERT INTO "VUEDM"."SYS_ROLE_MENU"("ROLE_ID","MENU_ID") VALUES(2,1000);
INSERT INTO "VUEDM"."SYS_ROLE_MENU"("ROLE_ID","MENU_ID") VALUES(2,1001);
INSERT INTO "VUEDM"."SYS_ROLE_MENU"("ROLE_ID","MENU_ID") VALUES(2,1002);
INSERT INTO "VUEDM"."SYS_ROLE_MENU"("ROLE_ID","MENU_ID") VALUES(2,1003);
INSERT INTO "VUEDM"."SYS_ROLE_MENU"("ROLE_ID","MENU_ID") VALUES(2,1004);
INSERT INTO "VUEDM"."SYS_ROLE_MENU"("ROLE_ID","MENU_ID") VALUES(2,1005);
INSERT INTO "VUEDM"."SYS_ROLE_MENU"("ROLE_ID","MENU_ID") VALUES(2,1006);
INSERT INTO "VUEDM"."SYS_ROLE_MENU"("ROLE_ID","MENU_ID") VALUES(2,1007);
INSERT INTO "VUEDM"."SYS_ROLE_MENU"("ROLE_ID","MENU_ID") VALUES(2,1008);
INSERT INTO "VUEDM"."SYS_ROLE_MENU"("ROLE_ID","MENU_ID") VALUES(2,1009);
INSERT INTO "VUEDM"."SYS_ROLE_MENU"("ROLE_ID","MENU_ID") VALUES(2,1010);
INSERT INTO "VUEDM"."SYS_ROLE_MENU"("ROLE_ID","MENU_ID") VALUES(2,1011);
INSERT INTO "VUEDM"."SYS_ROLE_MENU"("ROLE_ID","MENU_ID") VALUES(2,1012);
INSERT INTO "VUEDM"."SYS_ROLE_MENU"("ROLE_ID","MENU_ID") VALUES(2,1013);
INSERT INTO "VUEDM"."SYS_ROLE_MENU"("ROLE_ID","MENU_ID") VALUES(2,1014);
INSERT INTO "VUEDM"."SYS_ROLE_MENU"("ROLE_ID","MENU_ID") VALUES(2,1015);
INSERT INTO "VUEDM"."SYS_ROLE_MENU"("ROLE_ID","MENU_ID") VALUES(2,1016);
INSERT INTO "VUEDM"."SYS_ROLE_MENU"("ROLE_ID","MENU_ID") VALUES(2,1017);
INSERT INTO "VUEDM"."SYS_ROLE_MENU"("ROLE_ID","MENU_ID") VALUES(2,1018);
INSERT INTO "VUEDM"."SYS_ROLE_MENU"("ROLE_ID","MENU_ID") VALUES(2,1019);
INSERT INTO "VUEDM"."SYS_ROLE_MENU"("ROLE_ID","MENU_ID") VALUES(2,1020);
INSERT INTO "VUEDM"."SYS_ROLE_MENU"("ROLE_ID","MENU_ID") VALUES(2,1021);
INSERT INTO "VUEDM"."SYS_ROLE_MENU"("ROLE_ID","MENU_ID") VALUES(2,1022);
INSERT INTO "VUEDM"."SYS_ROLE_MENU"("ROLE_ID","MENU_ID") VALUES(2,1023);
INSERT INTO "VUEDM"."SYS_ROLE_MENU"("ROLE_ID","MENU_ID") VALUES(2,1024);
INSERT INTO "VUEDM"."SYS_ROLE_MENU"("ROLE_ID","MENU_ID") VALUES(2,1025);
INSERT INTO "VUEDM"."SYS_ROLE_MENU"("ROLE_ID","MENU_ID") VALUES(2,1026);
INSERT INTO "VUEDM"."SYS_ROLE_MENU"("ROLE_ID","MENU_ID") VALUES(2,1027);
INSERT INTO "VUEDM"."SYS_ROLE_MENU"("ROLE_ID","MENU_ID") VALUES(2,1028);
INSERT INTO "VUEDM"."SYS_ROLE_MENU"("ROLE_ID","MENU_ID") VALUES(2,1029);
INSERT INTO "VUEDM"."SYS_ROLE_MENU"("ROLE_ID","MENU_ID") VALUES(2,1030);
INSERT INTO "VUEDM"."SYS_ROLE_MENU"("ROLE_ID","MENU_ID") VALUES(2,1031);
INSERT INTO "VUEDM"."SYS_ROLE_MENU"("ROLE_ID","MENU_ID") VALUES(2,1032);
INSERT INTO "VUEDM"."SYS_ROLE_MENU"("ROLE_ID","MENU_ID") VALUES(2,1033);
INSERT INTO "VUEDM"."SYS_ROLE_MENU"("ROLE_ID","MENU_ID") VALUES(2,1034);
INSERT INTO "VUEDM"."SYS_ROLE_MENU"("ROLE_ID","MENU_ID") VALUES(2,1035);
INSERT INTO "VUEDM"."SYS_ROLE_MENU"("ROLE_ID","MENU_ID") VALUES(2,1036);
INSERT INTO "VUEDM"."SYS_ROLE_MENU"("ROLE_ID","MENU_ID") VALUES(2,1037);
INSERT INTO "VUEDM"."SYS_ROLE_MENU"("ROLE_ID","MENU_ID") VALUES(2,1038);
INSERT INTO "VUEDM"."SYS_ROLE_MENU"("ROLE_ID","MENU_ID") VALUES(2,1039);
INSERT INTO "VUEDM"."SYS_ROLE_MENU"("ROLE_ID","MENU_ID") VALUES(2,1040);
INSERT INTO "VUEDM"."SYS_ROLE_MENU"("ROLE_ID","MENU_ID") VALUES(2,1041);
INSERT INTO "VUEDM"."SYS_ROLE_MENU"("ROLE_ID","MENU_ID") VALUES(2,1042);
INSERT INTO "VUEDM"."SYS_ROLE_MENU"("ROLE_ID","MENU_ID") VALUES(2,1043);
INSERT INTO "VUEDM"."SYS_ROLE_MENU"("ROLE_ID","MENU_ID") VALUES(2,1044);
INSERT INTO "VUEDM"."SYS_ROLE_MENU"("ROLE_ID","MENU_ID") VALUES(2,1045);
INSERT INTO "VUEDM"."SYS_ROLE_MENU"("ROLE_ID","MENU_ID") VALUES(2,1046);
INSERT INTO "VUEDM"."SYS_ROLE_MENU"("ROLE_ID","MENU_ID") VALUES(2,1047);
INSERT INTO "VUEDM"."SYS_ROLE_MENU"("ROLE_ID","MENU_ID") VALUES(2,1048);
INSERT INTO "VUEDM"."SYS_ROLE_MENU"("ROLE_ID","MENU_ID") VALUES(2,1049);
INSERT INTO "VUEDM"."SYS_ROLE_MENU"("ROLE_ID","MENU_ID") VALUES(2,1050);
INSERT INTO "VUEDM"."SYS_ROLE_MENU"("ROLE_ID","MENU_ID") VALUES(2,1051);
INSERT INTO "VUEDM"."SYS_ROLE_MENU"("ROLE_ID","MENU_ID") VALUES(2,1052);
INSERT INTO "VUEDM"."SYS_ROLE_MENU"("ROLE_ID","MENU_ID") VALUES(2,1053);
INSERT INTO "VUEDM"."SYS_ROLE_MENU"("ROLE_ID","MENU_ID") VALUES(2,1054);
INSERT INTO "VUEDM"."SYS_ROLE_MENU"("ROLE_ID","MENU_ID") VALUES(2,1055);
INSERT INTO "VUEDM"."SYS_ROLE_MENU"("ROLE_ID","MENU_ID") VALUES(2,1056);
INSERT INTO "VUEDM"."SYS_ROLE_MENU"("ROLE_ID","MENU_ID") VALUES(2,1057);
INSERT INTO "VUEDM"."SYS_ROLE_MENU"("ROLE_ID","MENU_ID") VALUES(2,1058);
INSERT INTO "VUEDM"."SYS_ROLE_MENU"("ROLE_ID","MENU_ID") VALUES(2,1059);
INSERT INTO "VUEDM"."SYS_ROLE_MENU"("ROLE_ID","MENU_ID") VALUES(2,1060);

SET IDENTITY_INSERT "VUEDM"."SYS_USER" ON;
INSERT INTO "VUEDM"."SYS_USER"("USER_ID","DEPT_ID","USER_NAME","NICK_NAME","USER_TYPE","EMAIL","PHONENUMBER","SEX","AVATAR","PASSWORD","STATUS","DEL_FLAG","LOGIN_IP","LOGIN_DATE","CREATE_BY","CREATE_TIME","UPDATE_BY","UPDATE_TIME","REMARK") VALUES(1,103,'admin','若依','00','ry@163.com','15888888888','1','','$2a$10$7JB720yubVSZvUI0rEqK/.VqGOZTH.ulu33dHOiBE8ByOhJIrdAu2','0','0','127.0.0.1','2023-08-23 11:47:20.000000','admin','2023-06-29 10:05:27.000000','','2023-08-23 11:47:19.000000','管理员');
INSERT INTO "VUEDM"."SYS_USER"("USER_ID","DEPT_ID","USER_NAME","NICK_NAME","USER_TYPE","EMAIL","PHONENUMBER","SEX","AVATAR","PASSWORD","STATUS","DEL_FLAG","LOGIN_IP","LOGIN_DATE","CREATE_BY","CREATE_TIME","UPDATE_BY","UPDATE_TIME","REMARK") VALUES(2,105,'ry','若依','00','ry@qq.com','15666666666','1','','$2a$10$7JB720yubVSZvUI0rEqK/.VqGOZTH.ulu33dHOiBE8ByOhJIrdAu2','0','0','127.0.0.1','2023-06-29 10:05:27.000000','admin','2023-06-29 10:05:27.000000','',null,'测试员');

SET IDENTITY_INSERT "VUEDM"."SYS_USER" OFF;
INSERT INTO "VUEDM"."SYS_USER_POST"("USER_ID","POST_ID") VALUES(1,1);
INSERT INTO "VUEDM"."SYS_USER_POST"("USER_ID","POST_ID") VALUES(2,2);

INSERT INTO "VUEDM"."SYS_USER_ROLE"("USER_ID","ROLE_ID") VALUES(1,1);
INSERT INTO "VUEDM"."SYS_USER_ROLE"("USER_ID","ROLE_ID") VALUES(2,2);

